broker,count,bamount,bcount,samount,scount,top3
国金证券股份有限公司成都青白江青江东路证券营业部,5,1530.81,4,416.6,1,"中迪投资,紫光学大,盛弘股份"
西藏东方财富证券股份有限公司拉萨团结路第二证券营业部,131,38803.94,65,34857.51,66,"长城证券,南京证券,瀚叶股份,"
中国银河证券股份有限公司杭州新塘路证券营业部,8,5345.5,4,2947.68,4,"金力永磁,荣安地产,兴瑞科技,"
深股通专用,32,116555.1,19,163507.23,13,"美的集团,洋河股份,五粮液,"
中国中投证券有限责任公司无锡清扬路证券营业部,22,14822.81,14,5827.41,8,"民生控股,长城证券,雅运股份,"
中国银河证券股份有限公司北京建国路证券营业部,16,5276.58,13,1522.84,3,"精伦电子,高斯贝尔,捷昌驱动,"
中信证券股份有限公司北京天通苑证券营业部,1,407.23,1,0.0,0,全新好
东兴证券股份有限公司泉州丰泽街证券营业部,8,2404.8,4,3577.08,4,"荣安地产,和晶科技,中迪投资,"
方正证券股份有限公司上海杨高南路证券营业部,13,6072.27,10,2874.46,3,"民生控股,蠡湖股份,高升控股,"
华鑫证券有限责任公司南昌红谷中大道证券营业部,5,1209.83,3,965.85,2,"智慧松德,紫光学大,荣安地产,"
东海证券股份有限公司洛阳周山路证券营业部,1,359.81,1,0.0,0,全新好
光大证券股份有限公司杭州庆春路证券营业部,5,2143.38,4,392.36,1,"金力永磁,荣安地产,新光圆成"
新时代证券股份有限公司宜昌东山大道证券营业部,5,1821.55,3,1364.79,2,"民生控股,精伦电子"
华泰证券股份有限公司浙江分公司,7,3731.98,6,802.94,1,"山鼎设计,金力永磁,乔治白,"
民生证券股份有限公司驻马店交通路证券营业部,3,808.75,2,167.55,1,"三晖电气,全新好,民生控股"
海通证券股份有限公司杭州解放路证券营业部,7,1962.91,2,4900.22,5,"汉嘉设计,民生控股,高斯贝尔,"
中国银河证券股份有限公司上海肇嘉浜路证券营业部,3,1068.42,2,790.17,1,"瀚叶股份,紫光学大"
国泰君安证券股份有限公司上海福山路证券营业部,9,1888.42,4,3793.13,5,"汇金科技,维宏股份,全新好,"
广发证券股份有限公司泉州涂门街证券营业部,5,885.22,2,2039.18,3,"民生控股,永新光学"
国信证券股份有限公司杭州市心中路证券营业部,6,730.34,4,496.59,2,"荣安地产,雪莱特,光洋股份,"
兴业证券股份有限公司杭州清泰街证券营业部,5,844.14,1,2644.1,4,"紫光学大,永太科技"
国金证券股份有限公司上海奉贤区金碧路证券营业部,26,7706.08,18,3004.89,8,"长城证券,中铝国际,蠡湖股份,"
财通证券股份有限公司温岭中华路证券营业部,6,2410.94,3,1240.94,3,"乔治白,铭普光磁,卧龙地产,"
海通证券股份有限公司蚌埠中荣街证券营业部,6,613.05,2,2549.09,4,"民生控股,一汽夏利,荣安地产,"
中信建投证券股份有限公司北京三里河路证券营业部,5,1994.72,3,807.98,2,"聚龙股份,安洁科技,紫光学大"
海通证券股份有限公司天津霞光道证券营业部,9,2562.3,4,3001.77,5,"永太科技,铭普光磁,乔治白,"
海通证券股份有限公司宁波中山东路证券营业部,2,0.0,0,1014.74,2,紫光学大
华鑫证券有限责任公司马鞍山分公司,3,1321.56,2,214.99,1,"隆盛科技,中迪投资,全新好"
信达证券股份有限公司辽阳工农大街证券营业部,1,0.0,0,180.44,1,民生控股
光大证券股份有限公司宁波甬江大道证券营业部,5,3850.5,4,620.83,1,"奥马电器,五矿稀土,*ST华信,"
华泰证券股份有限公司厦门厦禾路证券营业部,12,2182.28,5,2140.95,7,"新疆浩源,大烨智能,科创信息,"
中国银河证券股份有限公司上海浦东新区源深路证券营业部,3,184.5,1,664.47,2,"ST河化,紫光学大"
财富证券有限责任公司杭州绍兴路证券营业部,5,1442.4,1,3690.99,4,"长城证券,一汽夏利,紫光学大"
华泰证券股份有限公司绍兴府山证券营业部,4,1021.03,2,1439.44,2,"精伦电子,莲花健康,维宏股份,"
中国银河证券股份有限公司台州邮电路证券营业部,1,7393.17,1,0.0,0,五粮液
中国国际金融股份有限公司上海黄浦区湖滨路证券营业部,3,3965.58,2,4916.9,1,"安琪酵母,古井贡酒,五粮液"
中国中投证券有限责任公司重庆民权路证券营业部,1,685.63,1,0.0,0,顺鑫农业
国盛证券有限责任公司宁波桑田路证券营业部,9,3561.8,6,2015.72,3,"恒立实业,和晶科技,昂利康,"
华泰证券股份有限公司深圳益田路荣超商务中心证券营业部,17,25107.7,9,18247.06,8,"瀚叶股份,南京证券,露笑科技,"
国泰君安证券股份有限公司深圳前海证券营业部,1,665.2,1,0.0,0,顺鑫农业
光大证券股份有限公司奉化南山路证券营业部,9,3874.69,9,0.0,0,"恒立实业,合金投资,大通燃气,"
中泰证券股份有限公司日照昭阳路证券营业部,2,420.72,1,373.54,1,"顺鑫农业,南京高科"
申万宏源西部证券有限公司南宁英华路证券营业部,6,4176.46,4,1629.19,2,"金力永磁,恒立实业,绿庭投资"
中信证券股份有限公司北京总部证券营业部,1,0.0,0,4630.92,1,顺鑫农业
国泰君安证券股份有限公司南京太平南路证券营业部,4,1933.44,3,1010.93,1,"金力永磁,九有股份,恒立实业,"
中信证券股份有限公司北京安外大街证券营业部,7,3544.65,3,5891.96,4,"金力永磁,南京证券,顺鑫农业"
浙商证券股份有限公司绍兴金柯桥大道证券营业部,1,0.0,0,1430.1,1,古井贡酒
天风证券股份有限公司上海浦明路证券营业部,2,860.51,2,0.0,0,"山鼎设计,恒立实业"
上海证券有限责任公司商城路证券营业部,1,0.0,0,378.82,1,紫光学大
安信证券股份有限公司广州番禺万达广场证券营业部,3,0.0,0,2216.28,3,恒立实业
中信证券股份有限公司广州临江大道证券营业部,2,0.0,0,1256.46,2,"乔治白,顺鑫农业"
湘财证券股份有限公司台州祥和路证券营业部,13,5419.27,9,2975.72,4,"兴瑞科技,紫光学大,泰嘉股份,"
招商证券股份有限公司深圳招商证券大厦证券营业部,4,2942.55,1,10491.06,3,"索菱股份,隆基股份,分众传媒,"
东兴证券股份有限公司上海肇嘉浜路证券营业部,8,2597.45,4,1681.84,4,"南京证券,亚星化学,红宇新材,"
国元证券股份有限公司深圳深南大道中国凤凰大厦营业部,3,0.0,0,1515.2,3,恒立实业
华泰证券股份有限公司南通分公司,8,2559.73,5,1491.02,3,"台海核电,紫光学大,雪莱特,"
西藏东方财富证券股份有限公司浙江分公司,5,2645.04,4,217.4,1,"凯瑞德,雪莱特,*ST德奥,"
国信证券股份有限公司广州东风中路证券营业部,2,263.69,1,156.31,1,"雪莱特,盈方微"
兴业证券股份有限公司南京分公司,2,243.31,1,237.36,1,雪莱特
国信证券股份有限公司大连和平广场证券营业部,2,296.25,2,0.0,0,"雪莱特,光洋股份"
财通证券股份有限公司杭州体育馆证券营业部,24,16475.9,12,14025.47,12,"兴瑞科技,蠡湖股份,浔兴股份,"
中国中投证券有限责任公司湛江百园路证券营业部,1,0.0,0,302.16,1,雪莱特
安信证券股份有限公司揭阳临江北路证券营业部,2,0.0,0,519.35,2,"盛弘股份,雪莱特"
长城证券股份有限公司仙桃钱沟路证券营业部,16,14734.79,12,2991.39,4,"德新交运,*ST东南,乐视网,"
海通证券股份有限公司滁州天长东路证券营业部,5,1704.16,3,1055.64,2,"一汽夏利,和晶科技"
兴业证券股份有限公司安徽分公司,4,773.51,2,980.04,2,一汽夏利
国信证券股份有限公司珠海文园路五洲花城证券营业部,2,349.42,1,362.44,1,一汽夏利
华鑫证券有限责任公司西安高新路证券营业部,1,0.0,0,689.19,1,一汽夏利
中国银河证券股份有限公司福州东水路证券营业部,1,0.0,0,406.47,1,一汽夏利
国融证券股份有限公司成都锦东路证券营业部,5,0.0,0,1001.48,5,"瀚叶股份,一汽夏利"
上海证券有限责任公司深圳民田路证券营业部,3,187.85,1,468.96,2,"同洲电子,奥马电器"
中国银河证券股份有限公司长春西民主大街证券营业部,1,165.9,1,0.0,0,同洲电子
华泰证券股份有限公司广州体育东路证券营业部,4,475.89,3,560.79,1,"山鼎设计,铭普光磁,同洲电子,"
招商证券股份有限公司北京东四十条证券营业部,1,126.34,1,0.0,0,同洲电子
招商证券股份有限公司上海樱花路证券营业部,2,119.32,1,138.52,1,"同洲电子,盈方微"
广发证券股份有限公司成都新光路证券营业部,1,0.0,0,531.9,1,同洲电子
光大证券股份有限公司湛江海滨大道南证券营业部,4,3308.06,2,2067.36,2,"兴瑞科技,京蓝科技,同洲电子"
华泰证券股份有限公司台州中心大道证券营业部,14,12978.59,7,10879.5,7,"德新交运,金鸿控股,蠡湖股份,"
中国银河证券股份有限公司武汉澳门路证券营业部,1,0.0,0,326.23,1,同洲电子
中泰证券股份有限公司深圳分公司,9,10353.61,8,264.61,1,"德新交运,乐视网,南京证券,"
西藏东方财富证券股份有限公司慈溪三北西大街证券营业部,4,1649.61,3,455.57,1,"*ST尤夫,ST河化,金力永磁"
财通证券股份有限公司长兴金陵北路证券营业部,1,0.0,0,167.36,1,同洲电子
中国银河证券股份有限公司杭州天城东路证券营业部,4,2334.91,3,690.17,1,"中迪投资,三变科技,乐视网"
东北证券股份有限公司晋江长兴路证券营业部,1,297.0,1,0.0,0,世荣兆业
西藏东方财富证券股份有限公司嘉兴洪兴路证券营业部,2,395.33,1,388.29,1,ST河化
国信证券股份有限公司成都二环路证券营业部,3,993.19,2,658.17,1,"三变科技,三晖电气"
广发证券股份有限公司珠海斗门证券营业部,1,280.93,1,0.0,0,世荣兆业
海通证券股份有限公司深圳分公司华富路证券营业部,8,883.47,3,2456.89,5,"蠡湖股份,ST河化,乔治白,"
华鑫证券有限责任公司泉州南山南路证券营业部,6,2900.61,4,2824.84,2,"长城证券,恒立实业,三变科技,"
中原证券股份有限公司许昌分公司,1,262.99,1,0.0,0,世荣兆业
海通证券股份有限公司上海普陀区大华一路证券营业部,2,234.17,1,220.01,1,ST河化
长江证券股份有限公司荆州北京西路证券营业部,4,907.46,2,1718.61,2,"乔治白,绿庭投资,三变科技"
东莞证券股份有限公司湛江观海北路证券营业部,1,232.86,1,0.0,0,世荣兆业
长江证券股份有限公司宜昌云集路证券营业部,2,208.51,1,194.59,1,ST河化
华鑫证券有限责任公司海口海德路证券营业部,1,0.0,0,711.93,1,三变科技
国信证券股份有限公司北京三里河路证券营业部,3,240.86,2,3895.25,1,"世荣兆业,亚星化学,仁东控股"
国信证券股份有限公司北京朝阳北路证券营业部,1,0.0,0,614.59,1,世荣兆业
湘财证券股份有限公司杭州文二西路证券营业部,1,0.0,0,430.23,1,ST河化
光大证券股份有限公司宁波中山西路证券营业部,4,1827.78,2,1463.81,2,"兴瑞科技,雅运股份,三变科技"
兴业证券股份有限公司金华分公司,1,0.0,0,574.56,1,世荣兆业
方正证券股份有限公司厦门分公司,1,0.0,0,358.07,1,三变科技
中信证券股份有限公司北京远大路证券营业部,7,2423.31,4,2234.2,3,"山鼎设计,顶固集创,卧龙地产,"
国海证券股份有限公司玉林人民东路证券营业部,1,0.0,0,382.77,1,世荣兆业
华安证券股份有限公司杭州建国北路证券营业部,1,0.0,0,188.01,1,ST河化
中信建投证券股份有限公司长沙车站北路证券营业部,2,0.0,0,630.6,2,"纳思达,世荣兆业"
华福证券有限责任公司泉州丰泽街证券营业部,1,295.36,1,0.0,0,*ST东南
浙商证券股份有限公司临海崇和路证券营业部,2,428.4,2,0.0,0,"*ST德奥,*ST东南"
中国银河证券股份有限公司上海中山北路证券营业部,2,196.67,1,25.9,1,"*ST东南,东材科技"
国泰君安证券股份有限公司深圳科苑南路证券营业部,1,0.0,0,401.92,1,*ST东南
海通证券股份有限公司汕头中山中路证券营业部,1,0.0,0,239.59,1,*ST东南
东兴证券股份有限公司莆田梅园东路证券营业部,2,0.0,0,739.9,2,"乔治白,*ST东南"
东方证券股份有限公司上海松江区新松江路证券营业部,1,4744.36,1,0.0,0,*ST尤夫
西藏东方财富证券股份有限公司河南分公司,1,243.8,1,0.0,0,光洋股份
中泰证券股份有限公司太原长治路证券营业部,1,818.05,1,0.0,0,*ST尤夫
华泰证券股份有限公司淮安淮安区韩信南路证券营业部,1,193.16,1,0.0,0,光洋股份
中国银河证券股份有限公司太原桃园证券营业部,3,1210.83,2,605.44,1,"*ST尤夫,昂利康"
海通证券股份有限公司温州锦绣路证券营业部,1,505.72,1,0.0,0,*ST尤夫
中国中投证券有限责任公司太原三墙路证券营业部,1,0.0,0,788.93,1,*ST尤夫
东吴证券股份有限公司苏州吴中区木渎镇证券营业部,1,0.0,0,688.71,1,*ST尤夫
南京证券股份有限公司吴忠迎宾大街证券营业部,1,406.74,1,0.0,0,众信旅游
国融证券股份有限公司杭州江晖路证券营业部,15,5902.03,10,3054.15,5,"宣亚国际,易联众,隆盛科技,"
中国银河证券股份有限公司湖州证券营业部,2,0.0,0,767.24,2,"*ST尤夫,ST中南"
国联证券股份有限公司上海邯郸路证券营业部,1,249.49,1,0.0,0,众信旅游
国融证券股份有限公司重庆分公司,1,0.0,0,562.59,1,光洋股份
中信证券股份有限公司北京呼家楼证券营业部,1,0.0,0,525.69,1,*ST尤夫
长江证券股份有限公司杭州西湖大道证券营业部,2,245.12,1,302.59,1,"众信旅游,顶固集创"
海通证券股份有限公司杭州环城西路证券营业部,1,0.0,0,524.9,1,*ST尤夫
长江证券股份有限公司上海东明路证券营业部,3,4122.14,3,0.0,0,"华西证券,新疆浩源,众信旅游"
浙商证券股份有限公司成都董家湾北街证券营业部,1,0.0,0,228.46,1,光洋股份
中原证券股份有限公司郑州经三路证券营业部,1,130.48,1,0.0,0,众信旅游
东方证券股份有限公司上海浦东新区春晓路证券营业部,2,2326.99,2,0.0,0,"台海核电,同兴达"
上海证券有限责任公司苏州干将西路证券营业部,3,235.19,1,492.72,2,"吉鑫科技,乾景园林,光洋股份"
中国银河证券股份有限公司绍兴证券营业部,12,20977.23,9,7772.46,3,"长城证券,蠡湖股份,攀钢钒钛,"
方正证券股份有限公司成都高升桥路证券营业部,2,1222.43,2,0.0,0,"威唐工业,同兴达"
中国中投证券有限责任公司杭州环球中心证券营业部,10,5706.31,7,1663.6,3,"捷佳伟创,隆盛科技,科创信息,"
东莞证券股份有限公司四川分公司,7,1360.6,5,872.21,2,"天奥电子,同兴达,闽东电力,"
海通证券股份有限公司福清清昌大道证券营业部,1,0.0,0,2153.13,1,同兴达
中国银河证券股份有限公司龙泉华楼街证券营业部,1,0.0,0,390.87,1,同兴达
海通证券股份有限公司扬州汶河南路证券营业部,1,0.0,0,337.88,1,同兴达
中信建投证券股份有限公司哈尔滨新阳路证券营业部,1,0.0,0,296.95,1,同兴达
中信建投证券股份有限公司上海市徐家汇路证券营业部,2,0.0,0,624.01,2,"同兴达,九有股份"
申万宏源西部证券有限公司深圳彩田路证券营业部,1,309.76,1,0.0,0,高斯贝尔
西藏东方财富证券股份有限公司拉萨东环路第一证券营业部,11,1318.71,5,1961.77,6,"顶固集创,昂利康,雅运股份,"
招商证券股份有限公司深圳后海证券营业部,10,2894.95,3,5111.17,7,"乐视网,寒锐钴业,平治信息,"
新时代证券股份有限公司佛山南海大道证券营业部,1,1371.12,1,0.0,0,三晖电气
东吴证券股份有限公司苏州石路证券营业部,4,0.0,0,1088.37,4,"隆盛科技,安洁科技,高斯贝尔,"
九州证券股份有限公司浙江分公司,4,2440.3,3,1657.67,1,"永太科技,三晖电气,闽东电力,"
长江证券股份有限公司浙江分公司,5,2647.13,2,3933.32,3,"实丰文化,润都股份"
光大证券股份有限公司厦门展鸿路金融中心大厦证券营业部,3,981.6,2,540.51,1,"实丰文化,星帅尔"
金元证券股份有限公司苏州养育巷证券营业部,1,423.27,1,0.0,0,三晖电气
长江证券股份有限公司台州市府大道证券营业部,7,2590.4,4,1692.92,3,"实丰文化,永太科技,润都股份"
华鑫证券有限责任公司乐清双雁路证券营业部,6,1346.27,3,1437.76,3,"快意电梯,实丰文化,润都股份,"
海通证券股份有限公司南京广州路营业部,11,2857.28,4,6279.11,7,"蠡湖股份,乔治白,汇得科技,"
中泰证券股份有限公司东营垦利胜兴路证券营业部,2,794.22,1,586.76,1,"九有股份,三晖电气"
海通证券股份有限公司淄博石化证券营业部,1,0.0,0,329.32,1,实丰文化
东莞证券股份有限公司苏州广济北路证券营业部,1,0.0,0,524.9,1,三晖电气
华泰证券股份有限公司广州黄埔大道西证券营业部,1,0.0,0,257.8,1,实丰文化
中国银河证券股份有限公司淮安洪泽东十道证券营业部,3,262.86,1,1432.11,2,"顶固集创,三晖电气"
上海证券有限责任公司南京胜太路证券营业部,5,631.65,2,1971.87,3,"华升股份,顶固集创,三晖电气,"
中国银河证券股份有限公司合肥徽州大道证券营业部,1,0.0,0,132.84,1,实丰文化
平安证券股份有限公司芜湖江北证券营业部,4,0.0,0,492.04,4,"实丰文化,江南化工,宣亚国际,"
华泰证券股份有限公司上海奉贤区望园南路证券营业部,4,1187.68,2,1195.53,2,"铭普光磁,乐惠国际"
兴业证券股份有限公司陕西分公司,4,1192.65,2,706.71,2,"铭普光磁,ST中南"
方正证券股份有限公司上海西藏南路证券营业部,2,410.28,1,395.38,1,铭普光磁
中信建投证券股份有限公司深圳深南中路证券营业部,1,0.0,0,1284.6,1,铭普光磁
安信证券股份有限公司佛山南海罗村证券营业部,3,425.67,1,914.39,2,铭普光磁
财通证券股份有限公司成都天泰路证券营业部,2,0.0,0,904.47,2,铭普光磁
国泰君安证券股份有限公司顺德大良证券营业部,8,15894.66,6,788.3,2,"露笑科技,凯瑞德,台海核电,"
中信证券股份有限公司天津分公司,8,2162.18,3,3073.77,5,"亨通光电,浔兴股份,铭普光磁,"
中信建投证券股份有限公司苏州工业园区星海街证券营业部,5,1484.89,3,579.56,2,锋龙股份
兴业证券股份有限公司泉州分公司,10,6162.54,5,4932.95,5,"攀钢钒钛,兴瑞科技,金力永磁,"
东吴证券股份有限公司苏州工业园区敦煌路证券营业部,1,244.91,1,0.0,0,锋龙股份
东吴证券股份有限公司北京安德里北街证券营业部,2,221.03,1,227.43,1,锋龙股份
太平洋证券股份有限公司许昌建安大道证券营业部,7,1685.78,2,5582.43,5,"蠡湖股份,金力永磁,兴瑞科技,"
东吴证券股份有限公司常熟商城中路证券营业部,3,188.66,1,488.46,2,"锋龙股份,瀚叶股份"
广州证券股份有限公司常州高新科技园证券营业部,4,1679.5,3,849.5,1,"绿庭投资,维宏股份,锋龙股份"
平安证券股份有限公司深圳深南东路罗湖商务中心证券营业部,20,6306.62,10,4026.75,10,"京蓝科技,昂利康,乔治白,"
东吴证券股份有限公司上海西藏南路证券营业部,7,847.64,3,30271.96,4,"新兴装备,蠡湖股份,锋龙股份,"
中泰证券股份有限公司黄山安东路证券营业部,1,0.0,0,224.55,1,锋龙股份
海通证券股份有限公司沈阳大西路证券营业部,2,402.85,1,417.25,1,"顶固集创,兴瑞科技"
中信证券股份有限公司嘉善晋阳西路证券营业部,1,0.0,0,157.57,1,锋龙股份
华泰证券股份有限公司郑州经三路证券营业部,8,1912.57,3,1929.04,5,"昂利康,芯能科技,和晶科技,"
东海证券股份有限公司长沙岳麓大道证券营业部,2,710.48,1,712.39,1,昂利康
华泰证券股份有限公司无锡金融一街证券营业部,10,5174.91,8,989.96,2,"浔兴股份,莲花健康,昂利康,"
华泰证券股份有限公司沈阳大西路证券营业部,4,1639.18,2,1764.74,2,"科创信息,昂利康"
方正证券股份有限公司天津解放南路证券营业部,1,0.0,0,164.72,1,昂利康
华泰证券股份有限公司上海浦东新区福山路证券营业部,7,7516.68,4,2131.77,3,"长城证券,兴瑞科技,雅运股份,"
新时代证券股份有限公司上海陆家嘴证券营业部,1,0.0,0,97.4,1,昂利康
中信证券股份有限公司上海沪闵路证券营业部,2,1841.98,2,0.0,0,"雪莱特,易联众"
广发证券股份有限公司珠海凤凰北路证券营业部,2,651.84,1,644.42,1,乐视网
方正证券股份有限公司长沙黄兴中路证券营业部,2,825.01,2,0.0,0,"易联众,中关村"
财达证券股份有限公司承德都统府大街营业部,1,601.79,1,0.0,0,乐视网
财通证券股份有限公司杭州解放东路证券营业部,2,751.91,2,0.0,0,"易联众,荣安地产"
华安证券股份有限公司宁波中山东路证券营业部,1,497.83,1,0.0,0,乐视网
国泰君安证券股份有限公司上海分公司,7,2096.77,5,1943.05,2,"智慧松德,紫光学大,精伦电子,"
华泰证券股份有限公司无锡解放西路证券营业部,3,7583.98,2,365.06,1,"奥马电器,青松建化,易联众"
中国银河证券股份有限公司上海长宁区镇宁路证券营业部,2,6333.5,1,5362.31,1,乐视网
安信证券股份有限公司佛山北滘证券营业部,1,0.0,0,281.91,1,易联众
江海证券有限公司哈尔滨邮政街证券营业部,1,0.0,0,849.9,1,乐视网
方正证券股份有限公司长沙建湘路证券营业部,2,297.96,1,272.62,1,"宣亚国际,易联众"
安信证券股份有限公司梅州新中路证券营业部,2,1228.38,1,260.45,1,"安洁科技,易联众"
华泰证券股份有限公司太仓太平南路证券营业部,1,0.0,0,201.48,1,易联众
华泰证券股份有限公司启东人民中路证券营业部,3,1626.12,2,1022.38,1,"维宏股份,和晶科技"
德邦证券股份有限公司上海志丹路证券营业部,1,627.26,1,0.0,0,万孚生物
东海证券股份有限公司杭州秋涛北路证券营业部,3,906.34,2,852.91,1,"和晶科技,雅运股份"
华泰证券股份有限公司武汉友谊大道证券营业部,2,311.99,1,308.9,1,维宏股份
华鑫证券有限责任公司杭州飞云江路证券营业部,14,6641.86,10,2183.52,4,"山鼎设计,威唐工业,中新科技,"
安信证券股份有限公司上海长寿路证券营业部,1,463.22,1,0.0,0,万孚生物
华龙证券股份有限公司乐清三里一路证券营业部,3,298.6,1,607.46,2,维宏股份
中泰证券股份有限公司上海分公司,1,305.83,1,0.0,0,万孚生物
华鑫证券有限责任公司上海嘉定棋盘路证券营业部,3,1019.39,3,0.0,0,"和晶科技,新力金融"
中信证券股份有限公司宁波大庆南路证券营业部,1,287.27,1,0.0,0,万孚生物
光大证券股份有限公司宁波北仑新碶证券营业部,3,270.94,2,279.12,1,"和晶科技,露笑科技"
华鑫证券有限责任公司天津大港油田幸福路证券营业部,6,1334.93,3,1261.46,3,"山鼎设计,浔兴股份,绿庭投资"
东方证券股份有限公司上海普陀区光新路证券营业部,2,263.19,1,1509.69,1,"万孚生物,国海证券"
安信证券股份有限公司肇庆信安五路证券营业部,2,0.0,0,927.83,2,和晶科技
中信建投证券股份有限公司哈尔滨中医街证券营业部,1,0.0,0,271.67,1,维宏股份
东莞证券股份有限公司重庆市渝中区中山一路证券营业部,3,804.26,2,262.45,1,"盈方微,山鼎设计"
长江证券股份有限公司福州五四路证券营业部,2,0.0,0,666.5,2,和晶科技
国信证券股份有限公司深圳泰然九路证券营业部,6,0.0,0,944.5,6,"维宏股份,万孚生物,青松建化,"
中国银河证券股份有限公司厦门嘉禾路证券营业部,4,377.26,2,842.81,2,"钱江生化,灵康药业,山鼎设计"
东北证券股份有限公司佛山分公司,3,0.0,0,869.83,3,和晶科技
中泰证券股份有限公司青岛江西路证券营业部,6,1196.25,3,738.11,3,"顶固集创,维宏股份,精伦电子,"
中国银河证券股份有限公司沈阳建设东路证券营业部,2,0.0,0,519.43,2,山鼎设计
长城证券股份有限公司南宁民族大道证券营业部,1,0.0,0,215.76,1,和晶科技
招商证券股份有限公司北京建国路证券营业部,4,7251.8,2,3715.85,2,"国海证券,南京证券,山鼎设计"
招商证券股份有限公司上海世纪大道证券营业部,4,0.0,0,822.86,4,"红宇新材,仁智股份,*ST天业,"
东莞证券股份有限公司河北分公司,1,0.0,0,130.79,1,山鼎设计
英大证券有限责任公司深圳华侨城证券营业部,1,0.0,0,198.06,1,万孚生物
方正证券股份有限公司温州小南路证券营业部,3,1110.96,2,118.23,1,"泰嘉股份,山鼎设计"
国信证券股份有限公司上海北京东路证券营业部,6,930.03,2,798.71,4,"寒锐钴业,平治信息,盈方微,"
民生证券股份有限公司成都航空路证券营业部,1,930.06,1,0.0,0,盛弘股份
华泰证券股份有限公司上海浦东新区妙境路证券营业部,1,520.18,1,0.0,0,宣亚国际
华泰证券股份有限公司扬州宝应叶挺东路证券营业部,5,836.73,4,470.21,1,"盛弘股份,星帅尔,聚龙股份,"
中信证券股份有限公司杭州玉皇山南基金小镇证券营业部,2,1400.94,2,0.0,0,"兖州煤业,平治信息"
国盛证券有限责任公司抚州赣东大道证券营业部,1,344.79,1,0.0,0,宣亚国际
中银国际证券股份有限公司杭州庆春路证券营业部,1,267.1,1,0.0,0,平治信息
国泰君安证券股份有限公司宜昌珍珠路证券营业部,2,351.64,2,0.0,0,"莲花健康,盛弘股份"
海通证券股份有限公司杭州文化路证券营业部,3,1184.35,3,0.0,0,"科创信息,乔治白,平治信息"
西藏东方财富证券股份有限公司北京陶然亭路证券营业部,2,0.0,0,718.94,2,"汇金科技,宣亚国际"
国泰君安证券股份有限公司成都北一环路证券营业部,7,1903.05,3,1306.76,4,"凯瑞德,哈投股份,中迪投资,"
广发证券股份有限公司上海天山路证券营业部,2,0.0,0,601.18,2,"南京高科,宣亚国际"
中泰证券股份有限公司烟台南大街证券营业部,1,999.69,1,0.0,0,寒锐钴业
联讯证券股份有限公司惠州下埔路证券营业部,1,0.0,0,126.86,1,宣亚国际
长江证券股份有限公司十堰人民北路证券营业部,1,0.0,0,215.49,1,盛弘股份
西藏东方财富证券股份有限公司北京分公司,2,458.49,1,611.61,1,"索菱股份,平治信息"
西藏东方财富证券股份有限公司拉萨东环路第二证券营业部,18,3599.75,7,3121.81,11,"蠡湖股份,顶固集创,昂利康,"
中信证券股份有限公司上海安亭证券营业部,3,428.74,2,77.13,1,"安德利,宣亚国际"
中国银河证券股份有限公司上海漕宝路证券营业部,1,341.52,1,0.0,0,寒锐钴业
信达证券股份有限公司上海虹口区海伦路证券营业部,1,0.0,0,121.86,1,盛弘股份
光大证券股份有限公司苏州苏惠路证券营业部,2,0.0,0,468.15,2,"平治信息,钱江生化"
华泰证券股份有限公司南京六合彤华街证券营业部,1,0.0,0,1335.34,1,寒锐钴业
财通证券股份有限公司温州人民东路证券营业部,2,0.0,0,170.94,2,"ST中南,盛弘股份"
中信证券股份有限公司北京京城大厦证券营业部,1,560.13,1,0.0,0,金力永磁
海通证券股份有限公司丽水城东路证券营业部,2,469.72,1,6.76,1,"金力永磁,瀚叶股份"
西藏东方财富证券股份有限公司山南香曲东路证券营业部,4,902.87,2,158.88,2,"乐惠国际,蠡湖股份,英可瑞,"
中泰证券股份有限公司湖南分公司,3,415.56,1,1272.44,2,"金力永磁,钱江生化"
华鑫证券有限责任公司苏州总官堂路证券营业部,3,746.72,1,1352.84,2,"山鼎设计,蠡湖股份"
万联证券股份有限公司沈阳恒达路证券营业部,1,391.8,1,0.0,0,顶固集创
广发证券股份有限公司上海民生路证券营业部,4,3467.32,2,3685.73,2,金力永磁
长江证券股份有限公司成都天府大道证券营业部,1,0.0,0,340.31,1,蠡湖股份
中信证券股份有限公司上海溧阳路证券营业部,9,2744.43,5,1889.17,4,"实丰文化,顶固集创,雅运股份,"
方正证券股份有限公司绍兴胜利东路证券营业部,5,1284.79,1,2900.46,4,"润都股份,金力永磁,蠡湖股份"
安信证券股份有限公司北京复兴门外大街证券营业部,2,396.6,1,329.86,1,"仁东控股,蠡湖股份"
第一创业证券股份有限公司深圳总部证券营业部,5,669.17,2,1612.8,3,"顶固集创,百邦科技"
湘财证券股份有限公司上海共和新路证券营业部,1,0.0,0,444.73,1,金力永磁
财通证券股份有限公司绍兴解放大道证券营业部,1,0.0,0,520.91,1,顶固集创
安信证券股份有限公司南昌胜利路证券营业部,4,888.0,1,1791.22,3,"金力永磁,绿庭投资"
海通证券股份有限公司福州群众路证券营业部,3,220.64,1,462.61,2,"顶固集创,天风证券"
华福证券有限责任公司福州上三路证券营业部,2,1034.01,2,0.0,0,天风证券
华福证券有限责任公司南平分公司,2,1010.79,2,0.0,0,天风证券
兴业证券股份有限公司南安新华街证券营业部,1,0.0,0,4.64,1,天风证券
安信证券股份有限公司汕头澄海证券营业部,2,0.0,0,439.54,2,"宜华健康,天风证券"
方正证券股份有限公司北京阜外大街证券营业部,1,251.9,1,0.0,0,吉鑫科技
华泰证券股份有限公司广州天河东路证券营业部,3,291.9,1,1055.97,2,"百邦科技,奥马电器"
光大证券股份有限公司资产管理总部,2,678.92,2,0.0,0,"灵康药业,德宏股份"
英大证券有限责任公司长沙芙蓉中路证券营业部,1,201.5,1,0.0,0,灵康药业
平安证券股份有限公司平安证券有限责任公司山东分公司,1,95.17,1,0.0,0,乾景园林
万联证券股份有限公司广州白云分公司,1,207.29,1,0.0,0,百邦科技
湘财证券股份有限公司长沙韶山路证券营业部,1,293.79,1,0.0,0,绿庭投资
中信证券股份有限公司深圳总部证券营业部,3,1018.05,3,0.0,0,"森马服饰,华工科技,灵康药业"
国泰君安证券股份有限公司重庆九尺坎证券营业部,1,93.59,1,0.0,0,乾景园林
第一创业证券股份有限公司温州雪山路证券营业部,1,182.87,1,0.0,0,百邦科技
金元证券股份有限公司上海徐汇区漕溪北路证券营业部,1,285.44,1,0.0,0,绿庭投资
中原证券股份有限公司郑州纬五路证券营业部,2,0.0,0,661.75,2,吉鑫科技
中国银河证券股份有限公司北京太阳宫证券营业部,1,93.42,1,0.0,0,乾景园林
国信证券股份有限公司浙江分公司,5,225.54,2,415.8,3,"百邦科技,*ST华信,英可瑞,"
南京证券股份有限公司江阴人民中路证券营业部,3,1490.34,1,253.06,2,"中天能源,吉鑫科技"
光大证券股份有限公司东莞常平大道证券营业部,1,0.0,0,41.18,1,吉鑫科技
中国银河证券股份有限公司杭州庆春路证券营业部,3,4211.8,2,697.29,1,"攀钢钒钛,德宏股份,绿庭投资"
国泰君安证券股份有限公司深圳深南大道京基一百证券营业部,2,997.28,1,226.58,1,"东软集团,灵康药业"
光大证券股份有限公司宁波解放南路证券营业部,1,0.0,0,428.93,1,乾景园林
华泰证券股份有限公司重庆春晖路证券营业部,1,0.0,0,509.31,1,百邦科技
招商证券股份有限公司柳州解放北路证券营业部,1,0.0,0,559.1,1,绿庭投资
国信证券股份有限公司杭州文一西路证券营业部,1,0.0,0,143.74,1,灵康药业
中国银河证券股份有限公司成都科华北路证券营业部,1,0.0,0,281.79,1,乾景园林
财通证券股份有限公司义乌丹溪北路证券营业部,1,0.0,0,288.07,1,百邦科技
沪股通专用,15,35309.14,8,38715.31,7,"隆基股份,中炬高新,安琪酵母,"
南京证券股份有限公司中卫证券营业部,1,0.0,0,235.04,1,百邦科技
广发证券股份有限公司东莞东城证券营业部,1,0.0,0,100.35,1,灵康药业
中国中投证券有限责任公司广州中山六路证券营业部,4,5465.74,2,3312.5,2,"金力永磁,乾景园林"
中银国际证券股份有限公司三亚新风路证券营业部,1,0.0,0,65.43,1,灵康药业
中航证券有限公司南昌广场南路证券营业部,1,2761.51,1,0.0,0,兖州煤业
平安证券股份有限公司沈阳青年大街证券营业部,1,1042.05,1,0.0,0,兖州煤业
英大证券有限责任公司上海陆家嘴证券营业部,1,616.95,1,0.0,0,兖州煤业
东兴证券股份有限公司福州五一北路证券营业部,6,1799.28,4,1024.77,2,"汇得科技,天奥电子,雅运股份,"
中国银河证券股份有限公司温州大南路证券营业部,3,2141.8,2,365.3,1,"新兴装备,捷昌驱动"
平安证券股份有限公司银川凤凰北街证券营业部,7,542.31,4,850.91,3,"德新交运,江南化工,快意电梯,"
上海证券有限责任公司广州员村二横路证券营业部,1,266.14,1,0.0,0,雅运股份
浙商证券股份有限公司淳安明珠路证券营业部,2,985.79,1,1832.65,1,捷昌驱动
联讯证券股份有限公司上海长宁路证券营业部,3,407.3,1,1577.96,2,"德新交运,乐视网"
华泰证券股份有限公司成都晋阳路证券营业部,2,1238.91,2,0.0,0,"捷昌驱动,天奥电子"
申万宏源证券有限公司镇江解放路证券营业部,2,584.86,2,0.0,0,"德新交运,锋龙股份"
财富证券有限责任公司杭州庆春路证券营业部,21,3360.25,12,4541.65,9,"中铝国际,雅运股份,兴瑞科技,"
华泰证券股份有限公司青岛宁夏路证券营业部,7,2739.99,4,2423.65,3,"捷昌驱动,昂利康,荣安地产"
华泰证券股份有限公司常州东横街证券营业部,7,1215.72,4,907.22,3,"雅运股份,大烨智能"
华泰证券股份有限公司淮安分公司,3,3095.81,2,731.6,1,"金通灵,捷昌驱动"
中天证券股份有限公司台州市府大道证券营业部,4,8010.72,3,1872.14,1,"德新交运,恒立实业"
华林证券股份有限公司沈阳大西路证券营业部,1,0.0,0,620.3,1,雅运股份
中信证券股份有限公司上海分公司,2,2803.78,1,2486.79,1,"乔治白,捷昌驱动"
长城证券股份有限公司成都天晖中街证券营业部,1,0.0,0,395.0,1,雅运股份
中信证券股份有限公司奉化南山路证券营业部,1,0.0,0,1163.13,1,捷昌驱动
华泰证券股份有限公司苏州何山路证券营业部,3,1798.28,2,1104.75,1,"捷昌驱动,金通灵"
财通证券股份有限公司临安西苑路证券营业部,1,0.0,0,901.99,1,德新交运
中航证券有限公司沈阳中山路证券营业部,1,0.0,0,254.51,1,雅运股份
华鑫证券有限责任公司山东分公司,2,498.01,1,705.61,1,正裕工业
大通证券股份有限公司柳州中山东路证券营业部,1,87.96,1,0.0,0,正裕工业
财通证券股份有限公司宁波中山东路证券营业部,1,84.11,1,0.0,0,正裕工业
东方证券股份有限公司上海杨浦区长阳路证券营业部,2,768.33,1,1795.75,1,卧龙地产
中泰证券股份有限公司深圳吉祥路证券营业部,1,46.5,1,0.0,0,正裕工业
中航证券有限公司广州天河北路证券营业部,9,5785.06,6,2797.62,3,"京蓝科技,蠡湖股份,柏堡龙,"
西南证券股份有限公司重庆云阳云江大道证券营业部,2,95.52,1,142.44,1,"万集科技,正裕工业"
国泰君安证券股份有限公司临沂沂蒙路证券营业部,1,0.0,0,95.14,1,正裕工业
海通证券股份有限公司上虞市民大道证券营业部,3,2708.18,1,589.6,2,"分众传媒,卧龙地产,正裕工业"
中国银河证券股份有限公司武汉新华路证券营业部,1,0.0,0,69.8,1,正裕工业
财通证券股份有限公司玉环广陵路证券营业部,1,0.0,0,58.28,1,正裕工业
华泰证券股份有限公司如皋福寿路证券营业部,1,0.0,0,952.07,1,卧龙地产
光大证券股份有限公司上海芳甸路证券营业部,2,379.53,1,293.82,1,"浔兴股份,卧龙地产"
招商证券股份有限公司成都人民南路证券营业部,2,4771.17,2,0.0,0,"中炬高新,新宁物流"
中信建投证券股份有限公司济南市泺源大街证券营业部,2,1388.54,2,0.0,0,"*ST天业,瀚叶股份"
国都证券股份有限公司济南经十路证券营业部,1,578.52,1,0.0,0,*ST天业
华福证券有限责任公司山东分公司,1,558.15,1,0.0,0,*ST天业
华福证券有限责任公司广东分公司,1,178.93,1,0.0,0,*ST工新
中信证券股份有限公司余姚南雷路证券营业部,3,441.33,1,1021.51,2,"*ST天业,吉鑫科技"
中信证券股份有限公司安徽分公司,2,425.49,1,400.92,1,*ST天业
广发证券股份有限公司上海中山北二路证券营业部,2,143.9,1,171.55,1,*ST工新
西藏东方财富证券股份有限公司拉萨团结路第一证券营业部,8,1052.95,4,1580.69,4,"昂利康,锋龙股份,兴瑞科技,"
安信证券股份有限公司上海樱花路证券营业部,5,3089.64,4,536.0,1,"露笑科技,首航节能,*ST工新"
民生证券股份有限公司北京菜市口大街证券营业部,1,0.0,0,275.26,1,*ST天业
光大证券股份有限公司北京月坛北街证券营业部,1,0.0,0,320.06,1,*ST工新
中泰证券股份有限公司济南英雄山路证券营业部,1,409.0,1,0.0,0,华升股份
财富证券有限责任公司南京新模范马路证券营业部,1,386.07,1,0.0,0,华升股份
华泰证券股份有限公司上海长宁区仙霞路证券营业部,1,0.0,0,212.9,1,*ST天业
国海证券股份有限公司成都天仁路证券营业部,1,0.0,0,171.33,1,*ST工新
华泰证券股份有限公司南京中华路证券营业部,1,344.9,1,0.0,0,华升股份
华泰证券股份有限公司南昌苏圃路证券营业部,1,0.0,0,150.64,1,*ST工新
东莞证券股份有限公司浙江分公司,2,287.31,1,377.49,1,"华升股份,顶固集创"
长江证券股份有限公司长沙晚报大道证券营业部,1,0.0,0,173.83,1,华升股份
山西证券股份有限公司上海松花江路证券营业部,1,0.0,0,166.34,1,华升股份
方正证券股份有限公司益阳长益路证券营业部,1,0.0,0,138.67,1,华升股份
中信建投证券股份有限公司南京龙园西路证券营业部,3,927.87,2,122.7,1,"蠡湖股份,汉嘉设计,华升股份"
国元证券股份有限公司天津河北路证券营业部,1,0.0,0,94.44,1,华升股份
安信证券股份有限公司上海杨浦区殷行路证券营业部,8,8054.17,5,6585.95,3,"蠡湖股份,兴瑞科技,民生控股,"
长江证券股份有限公司上海世纪大道证券营业部,10,21727.91,6,16346.91,4,"南京证券,长城证券,露笑科技,"
东吴证券股份有限公司苏州胥江路证券营业部,3,804.37,2,515.81,1,"吉鑫科技,荣安地产,苏州科达"
浙商证券股份有限公司温岭人民东路证券营业部,4,805.38,1,2624.4,3,"紫光学大,安德利"
华鑫证券有限责任公司深圳益田路证券营业部,3,1274.36,3,0.0,0,"民生控股,朗科智能,汉嘉设计"
中信证券股份有限公司杭州市心南路证券营业部,2,1793.17,2,0.0,0,"捷佳伟创,民生控股"
华泰证券股份有限公司北京月坛南街证券营业部,3,280.45,1,489.6,2,"荣安地产,高升控股,浔兴股份"
国信证券股份有限公司深圳福中分公司,1,270.87,1,0.0,0,荣安地产
五矿证券有限公司杭州市中山北路证券营业部,2,0.0,0,1732.24,2,"永太科技,紫光学大"
平安证券股份有限公司安徽分公司,1,0.0,0,939.11,1,紫光学大
方正证券股份有限公司杭州延安路证券营业部,1,0.0,0,425.19,1,紫光学大
中泰证券股份有限公司上海建国中路证券营业部,3,6671.82,3,0.0,0,"攀钢钒钛,乐视网,金通灵"
招商证券股份有限公司莆田延寿南路证券营业部,3,1668.08,1,643.18,2,"攀钢钒钛,闽东电力"
广州证券股份有限公司珠海银桦路证券营业部,1,0.0,0,2091.48,1,攀钢钒钛
中信证券股份有限公司杭州丽景路证券营业部,1,592.47,1,0.0,0,一汽夏利
国泰君安证券股份有限公司上海江苏路证券营业部,5,4697.84,5,0.0,0,"国海证券,瀚叶股份,恒立实业,"
华安证券股份有限公司铜陵淮河路证券营业部,1,0.0,0,1332.54,1,攀钢钒钛
华西证券股份有限公司重庆中山三路证券营业部,5,1391.31,2,2175.39,3,"绿庭投资,一汽夏利,莲花健康"
华西证券股份有限公司攀枝花新华街证券营业部,1,0.0,0,1216.13,1,攀钢钒钛
申万宏源证券有限公司上海浦东新区张杨路证券营业部,1,0.0,0,452.7,1,恒立实业
中信证券股份有限公司上海东方路证券营业部,1,0.0,0,896.23,1,攀钢钒钛
申万宏源西部证券有限公司北京紫竹院路证券营业部,2,5819.21,2,0.0,0,"国海证券,南京证券"
平安证券股份有限公司福州长乐北路证券营业部,4,339.08,1,1973.66,3,"百邦科技,恒立实业,南京证券"
华泰证券股份有限公司佛山灯湖东路证券营业部,3,4338.97,3,0.0,0,"国海证券,奥马电器"
西藏东方财富证券股份有限公司南京珠江路证券营业部,1,331.08,1,0.0,0,一汽夏利
信达证券股份有限公司广州番禺富华东路证券营业部,1,3169.65,1,0.0,0,国海证券
华泰证券股份有限公司上海西藏南路证券营业部,2,232.9,1,324.8,1,"长江投资,恒立实业"
申万宏源证券有限公司上海崇明区川心街证券营业部,1,0.0,0,5716.67,1,国海证券
西藏东方财富证券股份有限公司上海徐汇宛平南路证券营业部,1,0.0,0,1811.47,1,国海证券
国金证券股份有限公司上海互联网证券分公司,16,7809.34,9,5345.43,7,"金力永磁,雅运股份,顶固集创,"
华泰证券股份有限公司牡丹江西一条路证券营业部,1,0.0,0,1396.33,1,国海证券
华鑫证券有限责任公司西安解放路证券营业部,1,696.01,1,0.0,0,*ST凯迪
海通证券股份有限公司丹阳东方路证券营业部,5,415.07,1,6475.45,4,"*ST凯迪,永新光学,瀚叶股份"
中国银河证券股份有限公司哈尔滨中山路证券营业部,1,218.27,1,0.0,0,*ST凯迪
中国银河证券股份有限公司宁波柳汀街证券营业部,2,171.36,1,149.38,1,*ST凯迪
方正证券股份有限公司邵阳邵水西路证券营业部,1,0.0,0,254.5,1,*ST凯迪
长城国瑞证券有限公司北京远大路证券营业部,1,0.0,0,238.04,1,*ST凯迪
财富证券有限责任公司邵阳城北路证券营业部,1,374.16,1,0.0,0,华工科技
华林证券股份有限公司长沙韶山中路证券营业部,1,0.0,0,131.11,1,*ST凯迪
海通证券股份有限公司苏州南园北路证券营业部,1,354.63,1,0.0,0,华工科技
海通证券股份有限公司上海宣化路证券营业部,1,0.0,0,2334.56,1,华工科技
天风证券股份有限公司资阳广场路证券营业部,2,142.0,1,149.6,1,*ST华信
申万宏源西部证券有限公司南京汉中路证券营业部,1,0.0,0,1525.18,1,华工科技
财通证券股份有限公司杭州龙井路证券营业部,1,140.65,1,0.0,0,*ST华信
国泰君安证券股份有限公司上海商城路证券营业部,3,3306.35,1,1367.59,2,"分众传媒,华西证券,吉药控股"
招商证券股份有限公司深圳前海路证券营业部,2,449.85,1,1298.14,1,"广东骏亚,华工科技"
广发证券股份有限公司佛山顺德怡和路证券营业部,1,0.0,0,228.2,1,*ST华信
华金证券股份有限公司北京万柳中路证券营业部,1,0.0,0,851.54,1,华工科技
华泰证券股份有限公司南京草场门大街证券营业部,2,0.0,0,639.23,2,"*ST华信,科创信息"
华泰证券股份有限公司上海分公司,2,671.61,1,672.29,1,"雪莱特,金力永磁"
中信建投证券股份有限公司佛山南海区南桂东路证券营业部,1,0.0,0,114.58,1,*ST华信
华泰证券股份有限公司湖南分公司,10,3690.38,5,3567.62,5,"科创信息,金鸿控股,雪莱特,"
申万宏源西部证券有限公司深圳上步中路证券营业部,6,3371.06,3,1790.47,3,"顶固集创,中铝国际,兴瑞科技,"
山西证券股份有限公司北京太平庄证券营业部,1,9.84,1,0.0,0,露笑科技
恒泰证券股份有限公司呼和浩特锡林南路证券营业部,1,9.25,1,0.0,0,露笑科技
申万宏源证券有限公司成都火车南站东路证券营业部,1,846.13,1,0.0,0,纳思达
中信建投证券股份有限公司廊坊和平路证券营业部,1,7.34,1,0.0,0,露笑科技
国盛证券有限责任公司杭州萧绍路证券营业部,4,2.86,1,2930.08,3,"露笑科技,安德利"
华泰证券股份有限公司北京西三环北路证券营业部,2,0.0,0,1258.92,2,"万集科技,纳思达"
中信证券股份有限公司桐庐迎春南路证券营业部,3,719.08,2,745.15,1,"兴瑞科技,露笑科技"
上海证券有限责任公司九亭证券营业部,1,468.48,1,0.0,0,*ST德奥
华宝证券有限责任公司福州八一七北路证券营业部,3,0.0,0,1046.46,3,露笑科技
中信证券（山东）有限责任公司青岛南京路证券营业部,1,264.35,1,0.0,0,*ST德奥
广发证券股份有限公司珠海市珠海大道证券营业部,1,0.0,0,282.67,1,纳思达
华鑫证券有限责任公司上海红宝石路证券营业部,2,1353.9,1,318.97,1,"金通灵,*ST德奥"
光大证券股份有限公司慈溪观海卫证券营业部,1,1743.28,1,0.0,0,安洁科技
国泰君安证券股份有限公司乌鲁木齐新华北路证券营业部,1,429.48,1,0.0,0,森马服饰
华鑫证券有限责任公司南京中山北路证券营业部,3,1355.61,2,269.2,1,"乔治白,雅运股份,*ST德奥"
首创证券有限责任公司上海斜土路证券营业部,2,2015.73,2,0.0,0,"东软集团,安洁科技"
东海证券股份有限公司长沙韶山北路证券营业部,2,0.0,0,703.14,2,"昂利康,*ST德奥"
平安证券股份有限公司上海分公司,3,18.89,2,329.36,1,"大通燃气,奥马电器"
中信建投证券股份有限公司深圳福中路证券营业部,1,0.0,0,280.49,1,安洁科技
太平洋证券股份有限公司宣威建设东街证券营业部,2,17.19,2,0.0,0,奥马电器
中国中投证券有限责任公司仪征大庆北路证券营业部,1,7.53,1,0.0,0,奥马电器
中信建投证券股份有限公司北京远大路证券营业部,1,0.0,0,200.06,1,安洁科技
国泰君安证券股份有限公司咸阳世纪大道证券营业部,1,6.05,1,0.0,0,奥马电器
东兴证券股份有限公司沈阳惠工街证券营业部,1,4.03,1,0.0,0,奥马电器
安信证券股份有限公司昆明东风西路证券营业部,2,0.0,0,213.26,2,奥马电器
华泰证券股份有限公司南通如东人民路证券营业部,2,549.87,1,516.5,1,乔治白
中信证券股份有限公司宁波天童北路证券营业部,3,456.24,1,885.43,2,"乔治白,吉鑫科技"
华福证券有限责任公司连江丹凤东路证券营业部,1,0.0,0,512.21,1,乔治白
中国中投证券有限责任公司深圳深南大道证券营业部,4,246.11,1,3113.13,3,"索菱股份,智慧松德"
金元证券股份有限公司杭州丰潭路证券营业部,1,0.0,0,429.84,1,乔治白
江海证券有限公司鹤岗东解放路证券营业部,2,187.0,1,369.06,1,索菱股份
国泰君安证券股份有限公司成都顺城大街证券营业部,3,284.15,1,899.71,2,"吉鑫科技,凯瑞德,乔治白"
长城证券股份有限公司前海分公司,1,151.34,1,0.0,0,索菱股份
财达证券股份有限公司保定安国药都北大街证券营业部,1,126.83,1,0.0,0,索菱股份
国盛证券有限责任公司温州百里东路证券营业部,6,2745.4,4,1431.46,2,"润都股份,快意电梯,实丰文化"
广州证券股份有限公司丽水中山街证券营业部,4,3955.78,4,0.0,0,"润都股份,实丰文化,快意电梯"
万联证券股份有限公司广州花都公益路证券营业部,1,0.0,0,285.87,1,索菱股份
国海证券股份有限公司金华宾虹路证券营业部,1,474.35,1,0.0,0,快意电梯
安信证券股份有限公司河源中山大道证券营业部,1,0.0,0,265.57,1,索菱股份
安信证券股份有限公司福州儒江东路证券营业部,6,2721.74,3,2738.89,3,"实丰文化,润都股份"
国泰君安证券股份有限公司北京亦庄宏达北路证券营业部,1,0.0,0,264.38,1,索菱股份
东海证券股份有限公司福建厦门分公司,3,1187.38,2,383.19,1,"实丰文化,润都股份"
广发证券股份有限公司南昌北京西路证券营业部,1,287.7,1,0.0,0,快意电梯
第一创业证券股份有限公司杭州金城路证券营业部,1,0.0,0,190.83,1,快意电梯
兴业证券股份有限公司深圳侨香路证券营业部,4,342.88,1,1297.22,3,"实丰文化,奥马电器"
招商证券股份有限公司寿光圣城街证券营业部,1,200.75,1,0.0,0,高斯贝尔
华鑫证券有限责任公司泉州宝洲路证券营业部,1,0.0,0,132.01,1,快意电梯
申万宏源西部证券有限公司乌鲁木齐解放南路证券营业部,3,238.44,1,355.98,2,"铭普光磁,新疆浩源,德宏股份"
中信证券股份有限公司浙江分公司,1,0.0,0,194.59,1,高斯贝尔
华泰证券股份有限公司南京长江路证券营业部,1,213.11,1,0.0,0,铭普光磁
中信建投证券股份有限公司杭州庆春路证券营业部,2,2570.91,1,7544.46,1,"华西证券,瀚叶股份"
中信证券股份有限公司杭州定安路证券营业部,3,2673.28,2,762.64,1,"华西证券,顶固集创"
联讯证券股份有限公司南通工农路证券营业部,2,2419.28,2,0.0,0,"华西证券,中天能源"
中国中投证券有限责任公司深圳宝安兴华路证券营业部,1,1356.93,1,0.0,0,华西证券
招商证券股份有限公司杭州海创园证券营业部,1,0.0,0,898.12,1,华西证券
华泰证券股份有限公司合肥创新大道证券营业部,1,0.0,0,659.21,1,华西证券
中国中投证券有限责任公司南通姚港路证券营业部,1,0.0,0,615.53,1,华西证券
长江证券股份有限公司泰州迎春西路证券营业部,2,365.59,1,369.11,1,锋龙股份
海通证券股份有限公司常熟海虞北路证券营业部,2,309.02,1,299.73,1,锋龙股份
华林证券股份有限公司厦门湖滨南路证券营业部,2,755.98,1,1006.2,1,长城证券
方正证券股份有限公司台州邮电路证券营业部,2,702.64,1,854.85,1,长城证券
华泰证券股份有限公司苏州人民路证券营业部,1,0.0,0,199.35,1,锋龙股份
国金证券股份有限公司上海浦东新区芳甸路证券营业部,4,731.98,2,851.22,2,"长城证券,大通燃气,泰嘉股份"
万联证券股份有限公司成都天府二街证券营业部,1,0.0,0,180.11,1,锋龙股份
国泰君安证券股份有限公司常德武陵大道证券营业部,6,5339.9,4,2666.35,2,"蠡湖股份,长城证券"
东北证券股份有限公司通化新华大街证券营业部,1,2863.32,1,0.0,0,吉药控股
申万宏源西部证券有限公司深圳深南大道证券营业部,3,290.82,2,270.27,1,"吉药控股,露笑科技,仁智股份"
新时代证券股份有限公司上海武定路证券营业部,1,94.65,1,0.0,0,吉药控股
东方证券股份有限公司上海嘉定区曹安公路证券营业部,1,584.88,1,0.0,0,和晶科技
西藏东方财富证券股份有限公司温州车站大道证券营业部,1,57.04,1,0.0,0,吉药控股
东莞证券股份有限公司厦门分公司,1,0.0,0,538.78,1,吉药控股
国信证券股份有限公司郑州铭功路证券营业部,1,346.68,1,0.0,0,和晶科技
中国国际金融股份有限公司深圳福华一路证券营业部,1,0.0,0,406.14,1,吉药控股
中信建投证券股份有限公司成都南一环路证券营业部,3,545.38,1,598.65,2,"红宇新材,中迪投资"
华福证券有限责任公司深圳后海大道证券营业部,1,0.0,0,381.51,1,吉药控股
国元证券股份有限公司宿州汴河路证券营业部,2,13.84,1,369.07,1,"东方金钰,红宇新材"
国金证券股份有限公司成都蒲江县桫椤路证券营业部,2,584.3,1,603.1,1,山鼎设计
国泰君安证券股份有限公司重庆民生路证券营业部,1,0.0,0,246.65,1,红宇新材
中信证券（山东）有限责任公司济宁吴泰闸路证券营业部,1,0.0,0,211.23,1,红宇新材
平安证券股份有限公司郑州金水东路证券营业部,1,0.0,0,208.34,1,红宇新材
光大证券股份有限公司北京丽泽路证券营业部,1,0.0,0,254.25,1,山鼎设计
华宝证券有限责任公司成都天府大道证券营业部,3,403.69,1,442.32,2,"维宏股份,露笑科技"
中国银河证券股份有限公司广州滨江东路证券营业部,2,291.63,1,414.4,1,维宏股份
太平洋证券股份有限公司新疆分公司,1,602.61,1,0.0,0,万集科技
西部证券股份有限公司西安未央路第一证券营业部,1,74.49,1,0.0,0,万集科技
方正证券股份有限公司三门中海路证券营业部,1,73.52,1,0.0,0,万集科技
东吴证券股份有限公司张家港杨舍证券营业部,1,64.08,1,0.0,0,万集科技
东方证券股份有限公司桂林中山中路证券营业部,1,878.37,1,0.0,0,双一科技
广州证券股份有限公司盘锦泰山路证券营业部,1,0.0,0,108.97,1,万集科技
东莞证券股份有限公司东莞虎门分公司,2,193.73,1,301.58,1,"双一科技,珠海中富"
国金证券股份有限公司天津南马路证券营业部,1,0.0,0,74.71,1,万集科技
东兴证券股份有限公司武汉台北一路证券营业部,1,0.0,0,67.08,1,万集科技
长江证券股份有限公司杭州秋涛北路证券营业部,1,145.07,1,0.0,0,双一科技
华泰证券股份有限公司南京户部街证券营业部,1,0.0,0,59.25,1,万集科技
光大证券股份有限公司深圳深南大道证券营业部,2,138.29,1,2188.15,1,"双一科技,宜华健康"
中银国际证券股份有限公司重庆江北证券营业部,3,3779.99,2,187.89,1,"南京证券,双一科技"
东莞证券股份有限公司宜昌沿江大道证券营业部,1,0.0,0,152.46,1,双一科技
安信证券股份有限公司清远金碧路证券营业部,1,0.0,0,139.57,1,双一科技
西藏东方财富证券股份有限公司昌都聚盛路证券营业部,1,0.0,0,291.37,1,蠡湖股份
恒泰证券股份有限公司宁波甬江大道证券营业部,5,2437.07,3,1885.23,2,"浔兴股份,兴瑞科技,威唐工业"
中信证券(山东)有限责任公司淄博分公司,2,1699.0,2,0.0,0,"南京高科,威唐工业"
招商证券股份有限公司深圳深南中路证券营业部,1,0.0,0,360.4,1,威唐工业
中国银河证券股份有限公司上海五莲路证券营业部,1,0.0,0,196.37,1,威唐工业
金元证券股份有限公司中山兴中道证券营业部,1,0.0,0,173.4,1,威唐工业
招商证券股份有限公司深圳益田路免税商务大厦证券营业部,2,0.0,0,516.01,2,"隆盛科技,威唐工业"
中信建投证券股份有限公司重庆涪陵广场路证券营业部,1,0.0,0,116.4,1,威唐工业
申万宏源西部证券有限公司沈阳十一纬路证券营业部,2,279.72,1,288.28,1,百邦科技
中信建投证券股份有限公司郑州经三北路证券营业部,2,225.29,1,230.5,1,百邦科技
安信证券股份有限公司深圳红荔西路证券营业部,2,172.81,1,173.43,1,百邦科技
中信证券(山东)有限责任公司淄博柳泉路证券营业部,4,1402.53,3,413.18,1,"德新交运,昂利康,汉嘉设计"
国泰君安证券股份有限公司上海威海路证券营业部,1,0.0,0,267.85,1,百邦科技
中国银河证券股份有限公司上海浦东南路证券营业部,4,236.35,1,748.04,3,"长江投资,闽东电力,百邦科技"
华泰证券股份有限公司北京广渠门内大街证券营业部,10,5165.72,6,4876.58,4,"金力永磁,南京证券,九芝堂,"
中信证券股份有限公司诸暨暨东路证券营业部,1,0.0,0,274.8,1,汉嘉设计
东吴证券股份有限公司济南明湖东路证券营业部,1,124.46,1,0.0,0,英可瑞
平安证券股份有限公司北京东花市证券营业部,4,0.0,0,1405.19,4,"凯瑞德,大烨智能,百邦科技,"
中泰证券股份有限公司南京中山南路证券营业部,3,652.89,1,1499.34,2,"金力永磁,凯瑞德"
东兴证券股份有限公司北京复兴路证券营业部,2,0.0,0,541.73,2,"中关村,汉嘉设计"
中国银河证券股份有限公司沈阳三经街证券营业部,3,0.0,0,2557.04,3,"汉嘉设计,浔兴股份"
国元证券股份有限公司芜湖黄山西路证券营业部,1,0.0,0,166.79,1,汉嘉设计
广发证券股份有限公司广州昌岗中路证券营业部,1,0.0,0,147.43,1,英可瑞
东方证券股份有限公司杭州龙井路证券营业部,5,128.25,2,2884.04,3,"瀚叶股份,金力永磁,精伦电子"
招商证券股份有限公司上海翔殷路证券营业部,1,0.0,0,627.5,1,金力永磁
华泰证券股份有限公司深圳红荔路证券营业部,4,391.81,3,78.99,1,"闽东电力,奥马电器,英可瑞"
中信证券股份有限公司温岭万昌中路证券营业部,2,519.36,1,234.44,1,"锐奇股份,顶固集创"
长江证券股份有限公司重庆红黄路证券营业部,3,482.27,1,1033.91,2,"精伦电子,捷昌驱动"
宏信证券有限责任公司成都锦城大道证券营业部,1,576.83,1,0.0,0,莲花健康
中国中投证券有限责任公司上海复兴东路证券营业部,1,325.0,1,0.0,0,精伦电子
中原证券股份有限公司总部,1,2142.51,1,0.0,0,亨通光电
华鑫证券有限责任公司上海宛平南路证券营业部,1,1697.77,1,0.0,0,哈投股份
宏信证券有限责任公司成都一环路东五段证券营业部,1,306.2,1,0.0,0,精伦电子
东吴证券股份有限公司吴江中山北路证券营业部,1,1091.05,1,0.0,0,亨通光电
海通证券股份有限公司北京中关村南大街证券营业部,3,1655.75,3,0.0,0,"哈投股份,锐奇股份,雅运股份"
长江证券股份有限公司深圳红荔路证券营业部,1,569.09,1,0.0,0,哈投股份
安信证券股份有限公司上海黄浦区跨龙路证券营业部,3,0.0,0,1576.39,3,精伦电子
渤海证券股份有限公司天津泉旺路证券营业部,1,0.0,0,97.5,1,莲花健康
中信建投证券股份有限公司北京朝外大街证券营业部,1,0.0,0,127.92,1,精伦电子
广发证券股份有限公司上海靖宇东路证券营业部,1,0.0,0,116.75,1,精伦电子
中信证券股份有限公司南京洪武北路证券营业部,1,0.0,0,83.69,1,莲花健康
中信建投证券股份有限公司合肥长江西路证券营业部,1,0.0,0,519.75,1,哈投股份
安信证券股份有限公司茂名信宜证券营业部,1,0.0,0,86.45,1,精伦电子
国泰君安证券股份有限公司唐山建华西道证券营业部,1,0.0,0,466.1,1,哈投股份
中国中投证券有限责任公司潜江江汉路证券营业部,1,0.0,0,77.6,1,精伦电子
长江证券股份有限公司武汉友谊路证券营业部,1,0.0,0,454.82,1,哈投股份
国都证券股份有限公司成都天益街证券营业部,2,588.88,1,443.63,1,"钱江生化,哈投股份"
太平洋证券股份有限公司温州车站大道证券营业部,2,1096.02,2,0.0,0,安德利
申万宏源证券有限公司上海闵行区碧江路证券营业部,3,612.86,2,572.53,1,"安德利,新兴装备"
中国中投证券有限责任公司深圳桃园路证券营业部,4,2792.17,4,0.0,0,"天风证券,金自天正,德宏股份,"
华泰证券股份有限公司深圳竹子林四路证券营业部,2,541.2,2,0.0,0,安德利
中国银河证券股份有限公司宁波大庆南路证券营业部,2,536.08,2,0.0,0,"德宏股份,大烨智能"
申万宏源证券有限公司上海普陀区武宁路证券营业部,2,429.38,2,0.0,0,安德利
招商证券股份有限公司广州天河北路证券营业部,1,259.29,1,0.0,0,普莱柯
安信证券股份有限公司成都龙泉驿区兴业街证券营业部,1,668.49,1,0.0,0,捷昌驱动
中国银河证券股份有限公司南京浦滨路证券营业部,2,0.0,0,5907.92,2,安德利
东方证券股份有限公司广州宝岗大道证券营业部,1,110.11,1,0.0,0,好莱客
海通证券股份有限公司深圳高新南四道证券营业部,2,243.42,1,149.33,1,普莱柯
华创证券有限责任公司北京东三环中路证券营业部,2,647.52,1,514.69,1,"捷昌驱动,昂利康"
申港证券股份有限公司深圳分公司,2,0.0,0,3018.54,2,安德利
中国银河证券股份有限公司广州大沙东路证券营业部,1,102.42,1,0.0,0,好莱客
申万宏源西部证券有限公司厦门莲前东路证券营业部,1,0.0,0,164.79,1,德宏股份
东莞证券股份有限公司南京分公司,2,0.0,0,2706.46,2,安德利
财富证券有限责任公司深圳彩田路证券营业部,1,0.0,0,759.08,1,好莱客
招商证券股份有限公司深圳建安路证券营业部,1,0.0,0,380.85,1,好莱客
瑞银证券有限责任公司上海花园石桥路证券营业部,2,980.11,1,223.66,1,"青松建化,普莱柯"
浙商证券股份有限公司杭州凤起东路证券营业部,2,418.19,1,201.1,1,"钱江生化,好莱客"
第一创业证券股份有限公司福州连江南路证券营业部,2,622.67,1,702.98,1,乐惠国际
申港证券股份有限公司福建分公司,1,1467.3,1,0.0,0,天风证券
中国中投证券有限责任公司南京中央路证券营业部,1,1019.4,1,0.0,0,新力金融
中银国际证券股份有限公司武汉黄孝河路证券营业部,2,416.74,1,467.48,1,乐惠国际
联讯证券股份有限公司沈阳大西路证券营业部,1,0.0,0,1477.09,1,南京证券
恒泰证券股份有限公司仙游八二五大街证券营业部,2,379.74,1,435.82,1,乐惠国际
华泰证券股份有限公司天津东丽开发区二纬路证券营业部,2,1036.74,2,0.0,0,"新力金融,山鼎设计"
恒泰证券股份有限公司福州软件大道证券营业部,2,369.7,1,413.0,1,乐惠国际
中国中投证券有限责任公司深圳爱国路证券营业部,2,1171.41,2,0.0,0,天风证券
国泰君安证券股份有限公司江西分公司,3,748.82,2,474.09,1,"新力金融,钱江生化"
广发证券股份有限公司武汉京汉大道证券营业部,1,0.0,0,1117.42,1,南京证券
宏信证券有限责任公司大连虎滩路证券营业部,1,0.0,0,565.12,1,雅运股份
华安证券股份有限公司淮北古城路证券营业部,1,0.0,0,1019.2,1,南京证券
华泰证券股份有限公司深圳深南大道证券营业部,2,811.76,1,334.15,1,"昂利康,乐惠国际"
广发证券股份有限公司深圳前海证券营业部,1,0.0,0,633.5,1,新力金融
财富证券有限责任公司长沙曙光中路证券营业部,1,0.0,0,299.27,1,乐惠国际
安信证券股份有限公司汕尾海丰证券营业部,1,0.0,0,297.36,1,乐惠国际
平安证券股份有限公司,1,354.83,1,0.0,0,吉视传媒
中信证券股份有限公司武汉关山大道证券营业部,2,554.0,1,576.76,1,吉鑫科技
兴业证券股份有限公司,1,199.25,1,0.0,0,吉视传媒
华泰证券股份有限公司,1,95.3,1,0.0,0,吉视传媒
民生证券股份有限公司,1,33.73,1,0.0,0,吉视传媒
中信证券股份有限公司,1,27.05,1,0.0,0,吉视传媒
南京证券股份有限公司杭州新塘路证券营业部,1,275.53,1,0.0,0,吉鑫科技
中信证券股份有限公司南昌贤士一路证券营业部,1,446.79,1,0.0,0,广东骏亚
上海证券有限责任公司莘庄证券营业部,2,247.28,1,200.94,1,广东骏亚
中信证券股份有限公司总部(非营业场所),3,48.82,2,7812.22,1,"东方金钰,安琪酵母"
兴业证券股份有限公司经纪业务部,1,0.0,0,5239.83,1,安琪酵母
中国银河证券股份有限公司深圳宝安海秀路证券营业部,1,0.0,0,192.2,1,广东骏亚
华泰证券股份有限公司总部,3,69.79,2,5221.22,1,"东方金钰,安琪酵母"
国信证券股份有限公司深圳红岭中路证券营业部,2,1341.32,1,4014.19,1,"索菱股份,安琪酵母"
安信证券股份有限公司广州新港西路证券营业部,1,564.37,1,0.0,0,五矿稀土
国泰君安证券股份有限公司上海打浦路证券营业部,1,567.08,1,0.0,0,紫光学大
中国中投证券有限责任公司南京太平南路证券营业部,3,1915.49,2,782.92,1,"顺利办,五矿稀土,蠡湖股份"
光大证券股份有限公司慈溪三北西大街证券营业部,1,344.22,1,0.0,0,高升控股
西藏东方财富证券股份有限公司武汉建设大道证券营业部,1,9270.19,1,0.0,0,九芝堂
华泰证券股份有限公司上海武定路证券营业部,17,12803.96,9,4765.28,8,"奥马电器,兴瑞科技,中关村,"
长江证券股份有限公司武汉胜利街证券营业部,1,314.4,1,0.0,0,高升控股
方正证券股份有限公司岳阳巴陵东路证券营业部,1,0.0,0,362.23,1,五矿稀土
国盛证券有限责任公司厦门莲花南路证券营业部,1,231.54,1,0.0,0,高升控股
中信建投证券股份有限公司上海华灵路证券营业部,1,501.0,1,0.0,0,盈方微
联储证券有限责任公司郑州文化路证券营业部,1,1018.59,1,0.0,0,九芝堂
平安证券股份有限公司广州华强路证券营业部,1,0.0,0,316.81,1,五矿稀土
国盛证券有限责任公司景德镇珠山中路证券营业部,1,212.61,1,0.0,0,高升控股
华宝证券有限责任公司舟山解放西路证券营业部,1,478.42,1,0.0,0,盈方微
中信建投证券股份有限公司北京东直门南大街证券营业部,1,0.0,0,343.07,1,高升控股
华福证券有限责任公司义乌宾王路证券营业部,1,437.81,1,0.0,0,盈方微
申万宏源证券有限公司南宁长湖路证券营业部,1,764.07,1,0.0,0,九芝堂
爱建证券有限责任公司上海石门二路证券营业部,1,0.0,0,277.27,1,五矿稀土
中信证券（山东）有限责任公司烟威分公司,1,0.0,0,202.2,1,高升控股
中泰证券股份有限公司惠州文明一路证券营业部,1,0.0,0,2080.66,1,九芝堂
安信证券股份有限公司阳江安宁路证券营业部,1,0.0,0,274.12,1,五矿稀土
信达证券股份有限公司调兵山迎宾路证券营业部,1,0.0,0,176.7,1,盈方微
中泰证券股份有限公司深圳泰然九路证券营业部,1,0.0,0,999.93,1,九芝堂
中国银河证券股份有限公司长兴县前西街证券营业部,1,0.0,0,130.73,1,高升控股
中信建投证券股份有限公司长沙芙蓉中路证券营业部,1,0.0,0,530.04,1,紫光学大
中信证券股份有限公司杭州文三路证券营业部,1,0.0,0,724.63,1,九芝堂
平安证券股份有限公司佛山季华四路证券营业部,1,0.0,0,115.1,1,盈方微
英大证券有限责任公司深圳园岭三街证券营业部,2,0.0,0,1283.01,2,"永新光学,九芝堂"
方正证券股份有限公司新昌人民中路证券营业部,2,393.5,2,0.0,0,露笑科技
中信证券股份有限公司厦门鹭江道证券营业部,1,49.97,1,0.0,0,露笑科技
华泰证券股份有限公司常州和平北路证券营业部,2,20.09,1,645.97,1,"露笑科技,大通燃气"
华安证券股份有限公司蚌埠涂山路证券营业部,1,896.32,1,0.0,0,台海核电
中信建投证券股份有限公司杭州市民街证券营业部,1,0.0,0,680.79,1,永太科技
华林证券股份有限公司深圳龟山路证券营业部,2,0.0,0,2010.24,2,露笑科技
德邦证券股份有限公司杭州新业路证券营业部,1,0.0,0,604.8,1,永太科技
中银国际证券股份有限公司深圳中心四路证券营业部,2,26.52,1,917.43,1,"首航节能,台海核电"
方正证券股份有限公司台州解放路证券营业部,6,399.04,1,4109.02,5,"长城证券,正裕工业,永太科技,"
财通证券股份有限公司绍兴柯桥区钱清钱门大道证券营业部,4,0.0,0,8329.87,4,露笑科技
光大证券股份有限公司宁海气象北路证券营业部,1,0.0,0,237.67,1,浔兴股份
中信证券股份有限公司宁波甬江大道证券营业部,2,0.0,0,853.36,2,"顺利办,台海核电"
方正证券股份有限公司天津新华路证券营业部,1,0.0,0,194.38,1,浔兴股份
国开证券股份有限公司上海龙华西路证券营业部,1,0.0,0,267.2,1,台海核电
东北证券股份有限公司上海迎春路证券营业部,2,16.28,1,241.47,1,"台海核电,东方金钰"
中泰证券股份有限公司青岛香港中路证券营业部,1,2112.04,1,0.0,0,奥马电器
银泰证券有限责任公司沈阳十一纬路证券营业部,1,19.67,1,0.0,0,奥马电器
安信证券股份有限公司中山兴政路证券营业部,2,20.8,2,0.0,0,奥马电器
新时代证券股份有限公司北京中关村东路证券营业部,1,6.21,1,0.0,0,奥马电器
方正证券股份有限公司冷水江锑都中路证券营业部,1,5.92,1,0.0,0,奥马电器
太平洋证券股份有限公司福州分公司,1,0.0,0,2112.04,1,奥马电器
国泰君安证券股份有限公司赣州章江南大道证券营业部,1,282.33,1,0.0,0,仁智股份
东兴证券股份有限公司邵武五一九路证券营业部,1,255.8,1,0.0,0,仁智股份
东方证券股份有限公司长沙劳动西路证券营业部,1,221.17,1,0.0,0,仁智股份
华泰证券股份有限公司上海杨浦区国宾路证券营业部,2,617.94,1,706.66,1,乔治白
华安证券股份有限公司六安分公司,2,196.88,1,278.46,1,"瀚叶股份,仁智股份"
中信建投证券股份有限公司北京西翠路证券营业部,1,683.93,1,0.0,0,索菱股份
网信证券有限责任公司沈阳兴华南街证券营业部,2,411.82,1,387.04,1,乔治白
中国国际金融股份有限公司北京建国门外大街证券营业部,3,398.42,1,4463.01,2,"索菱股份,昂利康,瀚叶股份"
广发证券股份有限公司辽阳民主路证券营业部,2,283.96,1,294.88,1,"乔治白,珠海中富"
安信证券股份有限公司梅州五华证券营业部,1,0.0,0,171.34,1,仁智股份
国信证券股份有限公司辽宁分公司,1,0.0,0,159.65,1,仁智股份
华泰证券股份有限公司南京江宁金箔路证券营业部,5,1737.51,2,1998.04,3,"乔治白,蠡湖股份"
中信建投证券股份有限公司南昌榕门路证券营业部,3,1202.48,1,970.65,2,"金鸿控股,索菱股份,绿庭投资"
申万宏源证券有限公司上海闵行区莘松路证券营业部,1,0.0,0,315.7,1,索菱股份
华福证券有限责任公司富阳江滨西大道证券营业部,2,280.09,1,282.11,1,星帅尔
国融证券股份有限公司福州东街证券营业部,1,226.93,1,0.0,0,星帅尔
联储证券有限责任公司广州黄埔大道西证券营业部,1,192.49,1,0.0,0,星帅尔
海通证券股份有限公司新余劳动南路证券营业部,1,0.0,0,225.65,1,星帅尔
财富证券有限责任公司温州车站大道证券营业部,2,340.18,1,189.84,1,"中迪投资,星帅尔"
平安证券股份有限公司浙江分公司,2,0.0,0,1164.63,2,"星帅尔,顺利办"
新时代证券股份有限公司包头钢铁大街证券营业部,2,0.0,0,131.27,2,"东材科技,星帅尔"
西藏东方财富证券股份有限公司杭州和汇路证券营业部,4,5286.83,3,1898.45,1,"润都股份,实丰文化"
招商证券股份有限公司上海娄山关路证券营业部,5,2179.82,2,3234.85,3,"润都股份,实丰文化"
华泰证券股份有限公司上海黄浦区来福士广场证券营业部,4,602.95,2,43.93,2,"瀚叶股份,锋龙股份,东方金钰"
华泰证券股份有限公司南通环城西路证券营业部,2,291.17,1,185.75,1,"新兴装备,长江投资"
国金证券股份有限公司沈阳青年大街证券营业部,8,1597.86,5,3587.47,3,"天奥电子,永新光学,新兴装备,"
东方证券股份有限公司上海静安区延平路证券营业部,3,2576.97,2,1437.01,1,"兴瑞科技,汇得科技"
上海证券有限责任公司海口金龙路证券营业部,1,0.0,0,665.38,1,兴瑞科技
平安证券股份有限公司江苏分公司,3,2045.43,3,0.0,0,"新宁物流,天晟新材,瀚叶股份"
华泰证券股份有限公司永嘉阳光大道证券营业部,2,310.73,1,426.95,1,新宁物流
广发证券股份有限公司昆山前进东路证券营业部,1,156.26,1,0.0,0,新宁物流
东吴证券股份有限公司南京中山南路证券营业部,1,0.0,0,1912.24,1,新宁物流
五矿证券有限公司珠海健民路证券营业部,1,0.0,0,885.54,1,新宁物流
平安证券股份有限公司深圳深南大道证券营业部,2,0.0,0,1182.89,2,"乐视网,新宁物流"
广发证券股份有限公司中山兴中道证券营业部,1,0.0,0,322.45,1,新宁物流
中信证券股份有限公司杭州新天地证券营业部,1,342.44,1,0.0,0,山鼎设计
华创证券有限责任公司贵阳中华北路证券营业部,1,321.91,1,0.0,0,山鼎设计
中国银河证券股份有限公司南京洪武路证券营业部,3,1229.6,2,292.12,1,"合金投资,山鼎设计"
财达证券股份有限公司邯郸滏河大街证券营业部,1,0.0,0,238.88,1,山鼎设计
西藏东方财富证券股份有限公司上海东方路证券营业部,1,0.0,0,207.07,1,山鼎设计
华林证券股份有限公司上海浦东新区浦东南路证券营业部,1,1695.41,1,0.0,0,聚龙股份
兴业证券股份有限公司福州湖东路证券营业部,1,405.55,1,0.0,0,维宏股份
华宝证券有限责任公司上海东大名路证券营业部,1,448.22,1,0.0,0,隆盛科技
华鑫证券有限责任公司西安科技路证券营业部,5,461.53,2,818.6,3,"隆盛科技,奥马电器,新光圆成"
招商证券股份有限公司深圳福华三路证券营业部,1,194.33,1,0.0,0,聚龙股份
英大证券有限责任公司深圳新城广场证券营业部,4,606.4,2,767.37,2,"大烨智能,维宏股份"
招商证券股份有限公司上海陆家嘴东路证券营业部,2,0.0,0,1976.88,2,"柏堡龙,隆盛科技"
安信证券股份有限公司资阳广场路证券营业部,1,0.0,0,606.63,1,聚龙股份
东方证券股份有限公司成都益州大道证券营业部,1,218.53,1,0.0,0,维宏股份
联储证券有限责任公司上海中山西路证券营业部,1,0.0,0,434.31,1,聚龙股份
国联证券股份有限公司无锡新区长江北路证券营业部,1,0.0,0,295.78,1,隆盛科技
湘财证券股份有限公司上海陆家嘴证券营业部,2,5.7,1,373.14,1,"聚龙股份,新光圆成"
方正证券股份有限公司衡阳祁东民生街证券营业部,1,0.0,0,203.88,1,聚龙股份
南京证券股份有限公司徐州解放北路证券营业部,1,0.0,0,138.08,1,隆盛科技
中国中投证券有限责任公司广州体育东路证券营业部,4,5516.12,3,2050.03,1,"蠡湖股份,京蓝科技"
信达证券股份有限公司深圳福星路证券营业部,2,0.0,0,2528.62,2,智慧松德
国元证券股份有限公司合肥寿春路第一证券营业部,3,383.25,1,830.58,2,"顶固集创,智慧松德"
华创证券有限责任公司德阳泰山南路证券营业部,2,0.0,0,590.51,2,智慧松德
华金证券股份有限公司珠海横琴证券营业部,1,0.0,0,210.27,1,智慧松德
广发证券股份有限公司武汉建设大道证券营业部,1,379.04,1,0.0,0,百邦科技
申万宏源证券有限公司南阳新华西路证券营业部,2,252.27,1,202.08,1,百邦科技
财达证券股份有限公司唐山国防道证券营业部,3,163.38,1,755.57,2,"百邦科技,昂利康"
海通证券股份有限公司扬州宝应苏中南路证券营业部,1,207.49,1,0.0,0,汉嘉设计
华泰证券股份有限公司上海共和新路证券营业部,2,5313.02,1,510.83,1,"奥马电器,金力永磁"
宏信证券有限责任公司绍兴上虞梁祝大道证券营业部,4,1086.94,2,1031.49,2,"兴瑞科技,顶固集创"
中信证券股份有限公司武汉建设大道证券营业部,1,366.34,1,0.0,0,东材科技
中国银河证券股份有限公司深圳景田证券营业部,1,622.28,1,0.0,0,精伦电子
华福证券有限责任公司上海东方路证券营业部,1,765.36,1,0.0,0,中天能源
浙商证券股份有限公司台州环城东路证券营业部,1,0.0,0,16.1,1,东材科技
山西证券股份有限公司朔州招远路证券营业部,1,0.0,0,11.95,1,东材科技
财富证券有限责任公司成都吉庆三路证券营业部,2,0.0,0,1612.42,2,精伦电子
长江证券股份有限公司武汉武珞路证券营业部,1,0.0,0,451.14,1,中天能源
国都证券股份有限公司长春人民大街证券营业部,1,0.0,0,529.52,1,精伦电子
天风证券股份有限公司深圳平安金融中心证券营业部,4,0.0,0,3848.82,4,"首航节能,泰嘉股份,中天能源"
中信证券股份有限公司苏州苏雅路证券营业部,1,0.0,0,309.65,1,中天能源
平安证券股份有限公司河北分公司,1,0.0,0,307.25,1,中天能源
华龙证券股份有限公司天水广场证券营业部,2,32.23,2,0.0,0,瀚叶股份
海通证券股份有限公司广州东风西路证券营业部,1,12.59,1,0.0,0,瀚叶股份
中国银河证券股份有限公司上海虹井路证券营业部,1,10.33,1,0.0,0,瀚叶股份
华泰证券股份有限公司江阴分公司,3,30.96,1,409.05,2,"钱江生化,ST中南,永新光学"
恒泰证券股份有限公司呼和浩特中山西路证券营业部,1,18.43,1,0.0,0,钱江生化
华泰证券股份有限公司舟山解放东路证券营业部,2,25.06,1,472.82,1,"安德利,吉鑫科技"
国元证券股份有限公司上海东方路证券营业部,1,16.68,1,0.0,0,钱江生化
广发证券股份有限公司佛山南海西樵证券营业部,1,23.92,1,0.0,0,安德利
中国银河证券股份有限公司佛山顺德龙江东华路证券营业部,1,12.58,1,0.0,0,钱江生化
招商证券股份有限公司上海牡丹江路证券营业部,2,22.64,1,314.56,1,"金鸿控股,安德利"
中信建投证券股份有限公司上海市北京西路证券营业部,1,9.24,1,0.0,0,钱江生化
国泰君安证券股份有限公司合肥长江西路证券营业部,1,16.95,1,0.0,0,安德利
财通证券股份有限公司海宁水月亭西路证券营业部,1,0.0,0,165.85,1,钱江生化
山西证券股份有限公司太原西矿街证券营业部,1,0.0,0,59.57,1,钱江生化
中信证券股份有限公司无锡清扬路证券营业部,1,0.0,0,510.52,1,德新交运
爱建证券有限责任公司浙江分公司,1,0.0,0,180.73,1,安德利
中信证券股份有限公司河北分公司,1,0.0,0,11.1,1,钱江生化
上海华信证券有限责任公司青岛同安路证券营业部,1,0.0,0,168.17,1,安德利
信达证券股份有限公司温州新城大道证券营业部,2,0.0,0,340.13,2,"新光圆成,安德利"
中信证券股份有限公司海门人民西路证券营业部,1,0.0,0,1129.33,1,南京证券
中国银河证券股份有限公司武汉沌口宁康路证券营业部,1,0.0,0,397.96,1,德新交运
华林证券股份有限公司威海青岛中路证券营业部,1,0.0,0,14.95,1,安德利
华安证券股份有限公司合肥润安大厦证券营业部,3,1718.34,1,2826.35,2,"雅运股份,江南化工"
国泰君安证券股份有限公司厦门鹭江道证券营业部,1,437.63,1,0.0,0,雅运股份
国融证券股份有限公司武汉珞瑜路证券营业部,1,603.69,1,0.0,0,乐惠国际
兴业证券股份有限公司成都航空路证券营业部,4,1236.26,2,1399.63,2,"九有股份,天奥电子,南京证券,"
大同证券有限责任公司杭州五星路证券营业部,2,9955.85,2,0.0,0,宜华健康
申万宏源西部证券有限公司深圳福华一路证券营业部,2,191.22,1,1067.74,1,"*ST东凌,正裕工业"
申万宏源证券有限公司上海黄浦区新昌路证券营业部,1,505.65,1,0.0,0,合金投资
东北证券股份有限公司武汉水果湖路营业部,1,2371.62,1,0.0,0,宜华健康
安信证券股份有限公司广州开创大道证券营业部,1,140.18,1,0.0,0,*ST东凌
平安证券股份有限公司深圳蛇口招商路招商大厦证券营业部,2,6643.54,2,0.0,0,宜华健康
安信证券股份有限公司广州中山大道中证券营业部,1,134.1,1,0.0,0,*ST东凌
安信证券股份有限公司汕头金砂路第一证券营业部,2,7392.27,2,0.0,0,宜华健康
湘财证券股份有限公司广州农林下路证券营业部,1,112.36,1,0.0,0,*ST东凌
华泰证券股份有限公司镇江句容华阳北路证券营业部,2,433.79,1,934.57,1,"合金投资,顶固集创"
万和证券股份有限公司湖北分公司,1,1858.78,1,0.0,0,宜华健康
华泰证券股份有限公司宁波柳汀街证券营业部,4,275.14,1,1335.29,3,"中迪投资,顶固集创,金自天正"
中国民族证券有限责任公司北京佟麟阁路证券营业部,2,106.42,1,356.64,1,"*ST东凌,中新科技"
五矿证券有限公司广州环市东路证券营业部,1,0.0,0,1557.17,1,合金投资
宏信证券有限责任公司上海分公司,2,0.0,0,9114.01,2,宜华健康
中信建投证券股份有限公司新乡新飞大道证券营业部,1,0.0,0,289.39,1,*ST东凌
申万宏源证券有限公司上海浦东新区陆家嘴环路证券营业部,2,0.0,0,2472.5,2,合金投资
广发证券股份有限公司广州黄埔大道证券营业部,1,0.0,0,263.16,1,*ST东凌
兴业证券股份有限公司新疆分公司,2,0.0,0,1471.67,2,合金投资
广发证券股份有限公司深圳高新南一道证券营业部,2,0.0,0,3183.19,2,宜华健康
华泰证券股份有限公司上海普陀区江宁路证券营业部,4,5865.3,2,384.38,2,"奥马电器,乔治白,中迪投资"
光大证券股份有限公司宁波康庄南路证券营业部,1,0.0,0,268.79,1,合金投资
国信证券股份有限公司南京洪武路证券营业部,1,0.0,0,154.02,1,中迪投资
中信证券（山东）有限责任公司青岛延川路证券营业部,1,0.0,0,236.63,1,*ST东凌
中信证券股份有限公司义乌城中中路证券营业部,2,0.0,0,2569.25,2,宜华健康
华安证券股份有限公司重庆分公司,2,0.0,0,27975.29,2,"露笑科技,合金投资"
中信建投证券股份有限公司广州中山三路证券营业部,1,0.0,0,235.69,1,*ST东凌
中原证券股份有限公司新乡分公司,2,719.66,1,1013.74,1,"浔兴股份,蠡湖股份"
长城证券股份有限公司杭州文一西路证券营业部,1,292.28,1,0.0,0,浔兴股份
华泰证券股份有限公司南京中山北路证券营业部,1,204.64,1,0.0,0,ST河化
大同证券有限责任公司台州西街证券营业部,1,296.94,1,0.0,0,闽东电力
中国银河证券股份有限公司福州证券营业部,2,0.0,0,532.24,2,闽东电力
中信建投证券股份有限公司福州东街证券营业部,1,0.0,0,193.02,1,闽东电力
方正证券股份有限公司杭州庆春东路证券营业部,2,796.8,2,0.0,0,新光圆成
华福证券有限责任公司台州云西路证券营业部,3,433.15,3,0.0,0,露笑科技
光大证券股份有限公司上海仙霞路证券营业部,1,33.97,1,0.0,0,露笑科技
东兴证券股份有限公司福州五四路证券营业部,1,59.89,1,0.0,0,ST中南
招商证券股份有限公司深圳朗山路证券营业部,1,33.32,1,0.0,0,ST中南
国泰君安证券股份有限公司深圳华发路证券营业部,2,164.95,2,0.0,0,奥马电器
申万宏源西部证券有限公司阜康天池南街证券营业部,1,29.85,1,0.0,0,ST中南
招商证券股份有限公司广州华穗路证券营业部,1,473.88,1,0.0,0,森马服饰
申万宏源证券有限公司温州车站大道证券营业部,3,1724.33,2,1873.22,1,"柏堡龙,ST中南"
方正证券股份有限公司永州道县红星东路证券营业部,2,86.34,2,0.0,0,奥马电器
西南证券股份有限公司杭州庆春东路证券营业部,4,999.72,1,2539.4,3,"兴瑞科技,新光圆成"
东北证券股份有限公司江阴滨江东路证券营业部,1,19.39,1,0.0,0,ST中南
国信证券股份有限公司佛山禅城分公司,1,25.97,1,0.0,0,奥马电器
兴业证券股份有限公司南平滨江中路证券营业部,1,0.0,0,12.14,1,露笑科技
华鑫证券有限责任公司上海茅台路证券营业部,2,0.0,0,304.75,2,新光圆成
西南证券股份有限公司上海田林东路证券营业部,2,0.0,0,292.4,2,奥马电器
申万宏源证券有限公司上海静安区洛川东路证券营业部,1,0.0,0,240.47,1,森马服饰
华鑫证券有限责任公司即墨鹤山路证券营业部,1,0.0,0,73.1,1,奥马电器
中银国际证券股份有限公司苏州竹辉路证券营业部,1,0.0,0,47.6,1,ST中南
兴业证券股份有限公司淄博柳泉路证券营业部,1,1969.35,1,0.0,0,柏堡龙
国联证券股份有限公司湖北分公司,4,15471.27,3,3601.24,1,泰嘉股份
五矿证券有限公司南京中央路证券营业部,2,1796.05,1,1158.78,1,柏堡龙
广州证券股份有限公司苏州华池街证券营业部,1,1098.29,1,0.0,0,泰嘉股份
新时代证券股份有限公司深圳科苑路证券营业部,2,1072.65,2,0.0,0,"泰嘉股份,珠海中富"
中泰证券股份有限公司枣庄坛山中路证券营业部,1,1160.05,1,0.0,0,柏堡龙
华创证券有限责任公司上海芦恒路证券营业部,2,615.2,1,815.76,1,泰嘉股份
申万宏源证券有限公司桐乡和平路证券营业部,1,236.15,1,0.0,0,锋龙股份
中信建投证券股份有限公司福清田乾路证券营业部,3,0.0,0,9966.39,3,泰嘉股份
九州证券股份有限公司湖南分公司,1,212.04,1,0.0,0,锋龙股份
恒泰证券股份有限公司深圳益田路卓越时代广场证券营业部,1,0.0,0,771.63,1,泰嘉股份
财富证券有限责任公司天津分公司,2,0.0,0,1639.98,2,"和晶科技,泰嘉股份"
华安证券股份有限公司杭州留和路证券营业部,1,0.0,0,459.78,1,柏堡龙
广发证券股份有限公司佛山汾江中路证券营业部,1,1180.62,1,0.0,0,兴瑞科技
湘财证券股份有限公司温州车站大道证券营业部,3,1888.69,1,4069.62,2,长城证券
国联证券股份有限公司无锡中山路证券营业部,1,262.6,1,0.0,0,新兴装备
长城证券股份有限公司厦门湖滨南路证券营业部,2,723.2,1,750.15,1,昂利康
中国银河证券股份有限公司佛山南海桂澜北路证券营业部,1,255.94,1,0.0,0,新兴装备
财达证券股份有限公司商丘神火大道证券营业部,1,485.09,1,0.0,0,昂利康
浙商证券股份有限公司厦门分公司,1,0.0,0,526.95,1,新兴装备
方正证券股份有限公司广东分公司,1,0.0,0,992.75,1,长城证券
红塔证券股份有限公司上海骊山路证券营业部,1,0.0,0,1086.19,1,乐视网
浙商证券股份有限公司嘉兴梅湾街证券营业部,1,0.0,0,828.62,1,乐视网
安信证券股份有限公司广州花都凤凰北路证券营业部,1,96.2,1,0.0,0,天晟新材
方正证券股份有限公司上海分公司,1,504.53,1,0.0,0,智慧松德
新时代证券股份有限公司上海天山路证券营业部,1,276.96,1,0.0,0,山鼎设计
申万宏源证券有限公司上海松江区人民北路证券营业部,1,84.47,1,0.0,0,天晟新材
华泰证券股份有限公司成都人民南路证券营业部,2,363.58,1,756.63,1,"和晶科技,乔治白"
西南证券股份有限公司重庆第四分公司,1,83.92,1,0.0,0,天晟新材
恒泰证券股份有限公司杭州婺江路证券营业部,1,0.0,0,326.91,1,天晟新材
国联证券股份有限公司广州滨江东路证券营业部,1,0.0,0,624.13,1,和晶科技
首创证券有限责任公司杭州祥园路证券营业部,1,0.0,0,281.89,1,天晟新材
中国中投证券有限责任公司汉中滨江路证券营业部,2,561.74,1,497.22,1,"金自天正,和晶科技"
西藏东方财富证券股份有限公司上海唐安路证券营业部,1,0.0,0,171.45,1,天晟新材
东吴证券股份有限公司昆山前进中路证券营业部,2,481.77,1,75.22,1,"顶固集创,天晟新材"
海通证券股份有限公司成都人民西路证券营业部,1,0.0,0,221.74,1,智慧松德
长江证券股份有限公司上海新松江路证券营业部,1,0.0,0,70.18,1,天晟新材
申万宏源西部证券有限公司武汉武大园一路证券营业部,1,746.15,1,0.0,0,朗科智能
财通证券股份有限公司丽水缙云黄龙路证券营业部,3,3314.27,2,790.94,1,"德新交运,大烨智能"
光大证券股份有限公司沈阳十一纬路证券营业部,1,613.9,1,0.0,0,朗科智能
国泰君安证券股份有限公司深圳分公司,1,855.78,1,0.0,0,汇金科技
中国中投证券有限责任公司北京北三环东路证券营业部,1,407.99,1,0.0,0,大烨智能
华泰证券股份有限公司无锡梁清路证券营业部,4,2852.67,3,522.53,1,"苏州科达,汇金科技,南京高科,"
广发证券股份有限公司郑州农业路营业部,1,444.22,1,0.0,0,朗科智能
东海证券股份有限公司青岛香港中路证券营业部,1,0.0,0,307.1,1,朗科智能
华金证券股份有限公司上海徐家汇路证券营业部,1,0.0,0,1923.34,1,汇金科技
东吴证券股份有限公司海宁海州西路证券营业部,1,0.0,0,177.97,1,朗科智能
招商证券股份有限公司榆林明珠大道证券营业部,1,0.0,0,367.68,1,汇金科技
中信证券股份有限公司北京紫竹院路证券营业部,2,0.0,0,862.97,2,大烨智能
国盛证券有限责任公司郑州东风路证券营业部,1,0.0,0,159.84,1,朗科智能
国泰君安证券股份有限公司宁波彩虹北路证券营业部,2,695.22,1,323.7,1,"南京高科,汇金科技"
光大证券股份有限公司佛山季华六路证券营业部,1,0.0,0,131.58,1,朗科智能
东北证券股份有限公司上海虹口区吴淞路证券营业部,1,0.0,0,205.22,1,汇金科技
财富证券有限责任公司永州零陵中路证券营业部,1,0.0,0,119.17,1,朗科智能
东方证券股份有限公司上海浦东新区新川路证券营业部,1,0.0,0,389.16,1,大烨智能
申万宏源西部证券有限公司克拉玛依准噶尔路证券营业部,2,330.94,2,0.0,0,百邦科技
海通证券股份有限公司义乌宾王路证券营业部,1,161.3,1,0.0,0,百邦科技
华泰证券股份有限公司南京东苑路证券营业部,1,157.8,1,0.0,0,百邦科技
方正证券股份有限公司郴州宜章环城西路证券营业部,1,131.87,1,0.0,0,百邦科技
招商证券股份有限公司福州六一中路证券营业部,2,0.0,0,777.49,2,百邦科技
万联证券股份有限公司鄂州滨湖南路证券营业部,1,482.8,1,0.0,0,顶固集创
东北证券股份有限公司上海局门路证券营业部,1,340.14,1,0.0,0,顶固集创
安信证券股份有限公司云浮新兴新洲大道南证券营业部,1,0.0,0,1161.17,1,顶固集创
海通证券股份有限公司深圳金田路证券营业部,1,323.34,1,0.0,0,长江投资
国泰君安证券股份有限公司杭州庆春路证券营业部,1,0.0,0,186.7,1,长江投资
申万宏源证券有限公司上海黄浦区福州路证券营业部,1,14.28,1,0.0,0,瀚叶股份
平安证券股份有限公司上海零陵路证券营业部,1,0.0,0,116.69,1,长江投资
申万宏源证券有限公司上海长宁区双流路证券营业部,1,13.21,1,0.0,0,瀚叶股份
海通证券股份有限公司牡丹江东宁繁荣街证券营业部,2,49.7,2,0.0,0,"奥马电器,瀚叶股份"
华福证券有限责任公司厦门湖滨南路证券营业部,3,4537.27,3,0.0,0,"青松建化,长城证券,科创信息"
第一创业证券股份有限公司深圳海天一路证券营业部,1,591.99,1,0.0,0,青松建化
方正证券股份有限公司宁波分公司,1,0.0,0,1009.82,1,青松建化
华融证券股份有限公司阿克苏英阿瓦提路证券营业部,1,0.0,0,379.3,1,青松建化
长江证券股份有限公司成都光华村街证券营业部,1,0.0,0,336.6,1,青松建化
中信证券股份有限公司北京复外大街证券营业部,2,966.83,2,0.0,0,金自天正
国融证券股份有限公司厦门松岳路证券营业部,2,713.74,2,0.0,0,金自天正
财富证券有限责任公司上海大连路证券营业部,1,167.54,1,0.0,0,金自天正
广发证券股份有限公司泰州凤凰东路证券营业部,1,223.8,1,0.0,0,吉鑫科技
中泰证券股份有限公司莒南十泉路证券营业部,2,0.0,0,174.17,2,金自天正
广发证券股份有限公司北京阜成门南大街证券营业部,2,0.0,0,161.05,2,金自天正
国泰君安证券股份有限公司上海陆家嘴东路证券营业部,1,191.55,1,0.0,0,吉鑫科技
华泰证券股份有限公司泰州分公司,2,300.85,2,0.0,0,"吉鑫科技,百邦科技"
江海证券有限公司哈尔滨和兴路证券营业部,3,361.27,1,630.88,2,"维宏股份,金自天正"
开源证券股份有限公司开源证券有限责任公司总部,1,0.0,0,1027.39,1,吉鑫科技
国泰君安证券股份有限公司孝感北京路证券营业部,2,399.15,1,406.32,1,雅运股份
新时代证券股份有限公司信阳北京大街证券营业部,1,0.0,0,29.56,1,金自天正
华泰证券股份有限公司南京汉中门大街证券营业部,1,394.6,1,0.0,0,雅运股份
招商证券股份有限公司杭州天目山路证券营业部,2,393.8,1,404.88,1,雅运股份
东方证券股份有限公司公司总部,1,2175.94,1,0.0,0,南京证券
长江证券股份有限公司深圳福华路证券营业部,3,3450.61,3,0.0,0,"钱江生化,绿庭投资"
国金证券股份有限公司都江堰都江大道证券营业部,1,465.99,1,0.0,0,绿庭投资
国金证券股份有限公司南京江东中路证券营业部,6,1182.89,3,2879.59,3,"雅运股份,天奥电子,永新光学,"
中泰证券股份有限公司聊城柳园南路证券营业部,1,733.49,1,0.0,0,中铝国际
中国银河证券股份有限公司厦门美湖路证券营业部,1,0.0,0,1221.53,1,中铝国际
中原证券股份有限公司焦作分公司,1,0.0,0,1037.39,1,中铝国际
西藏东方财富证券股份有限公司杭州城星路证券营业部,2,719.56,1,898.83,1,"精伦电子,中铝国际"
东莞证券股份有限公司北京分公司,2,0.0,0,10002.09,2,"露笑科技,中铝国际"
长江证券股份有限公司昆明白龙路证券营业部,2,436.26,1,504.84,1,正裕工业
东北证券股份有限公司长春东风大街证券营业部,1,0.0,0,862.09,1,精伦电子
中天证券股份有限公司上海志丹路证券营业部,1,397.63,1,0.0,0,正裕工业
中国银河证券股份有限公司苏州三香路证券营业部,1,0.0,0,3124.23,1,苏州科达
中国银河证券股份有限公司福州冶山路证券营业部,1,0.0,0,2390.8,1,苏州科达
国都证券股份有限公司总部,1,0.0,0,1180.83,1,苏州科达
平安证券股份有限公司厦门国际金融中心证券营业部,1,0.0,0,629.64,1,苏州科达
安信证券股份有限公司福建分公司,1,9489.59,1,0.0,0,宜华健康
湘财证券股份有限公司上海张杨路证券营业部,1,580.88,1,0.0,0,中迪投资
中信建投证券股份有限公司汕头海滨路证券营业部,1,5015.97,1,0.0,0,宜华健康
海通证券股份有限公司上海种德桥路证券营业部,1,0.0,0,384.37,1,中迪投资
中泰证券股份有限公司北京大望路证券营业部,1,0.0,0,3666.57,1,宜华健康
华鑫证券有限责任公司福建分公司,1,0.0,0,193.95,1,新光圆成
东海证券股份有限公司上海长宁区长顺路证券营业部,1,0.0,0,221.96,1,中迪投资
联储证券有限责任公司义乌四季路证券营业部,1,0.0,0,178.06,1,新光圆成
长江证券股份有限公司厦门鹭江道证券营业部,1,0.0,0,269.45,1,闽东电力
中国银河证券股份有限公司中山黄圃新丰北路证券营业部,2,192.38,2,0.0,0,奥马电器
长江证券股份有限公司慈溪新城大道证券营业部,1,17.72,1,0.0,0,奥马电器
中国中投证券有限责任公司武汉香港路证券营业部,1,15.87,1,0.0,0,奥马电器
第一创业证券股份有限公司北京西直门外大街证券营业部,1,48.8,1,0.0,0,江南化工
安信证券股份有限公司广州中山六路证券营业部,1,0.0,0,294.97,1,奥马电器
海通证券股份有限公司北京知春路证券营业部,1,36.65,1,0.0,0,江南化工
中信证券股份有限公司温州分公司,1,1039.84,1,0.0,0,露笑科技
长江证券股份有限公司温州车站大道证券营业部,1,613.77,1,0.0,0,露笑科技
东吴证券股份有限公司东莞鸿福路证券营业部,1,356.55,1,0.0,0,露笑科技
中信证券（山东）有限责任公司青岛香港东路证券营业部,3,2034.32,1,1048.4,2,"仁东控股,江南化工"
中国银河证券股份有限公司黄山新园东路证券营业部,1,0.0,0,131.52,1,江南化工
中国银河证券股份有限公司重庆万象城证券营业部,1,1091.65,1,0.0,0,仁东控股
五矿证券有限公司长沙城南中路证券营业部,1,0.0,0,958.58,1,露笑科技
中国银河证券股份有限公司北京学清路证券营业部,1,1041.76,1,0.0,0,仁东控股
江海证券有限公司深圳民田路证券营业部,1,722.9,1,0.0,0,仁东控股
信达证券股份有限公司北京前门证券营业部,1,0.0,0,809.48,1,仁东控股
申万宏源证券有限公司长沙蔡锷中路证券营业部,1,0.0,0,402.49,1,实丰文化
光大证券股份有限公司金华宾虹路证券营业部,2,1057.3,1,1261.91,1,兴瑞科技
招商证券股份有限公司南京中山南路证券营业部,2,0.0,0,2263.04,2,天奥电子
中信证券股份有限公司中山中山四路证券营业部,2,1084.32,1,598.61,1,"东软集团,天奥电子"
中泰证券股份有限公司威海海滨北路证券营业部,2,4863.07,2,0.0,0,长城证券
方正证券股份有限公司杭州中河中路证券营业部,2,512.3,1,368.44,1,"锐奇股份,天奥电子"
华创证券有限责任公司杭州伟业路证券营业部,2,578.76,1,597.8,1,昂利康
中国银河证券股份有限公司杭州绍兴路证券营业部,1,247.53,1,0.0,0,大烨智能
华鑫证券有限责任公司上海惠南镇人民东路证券营业部,2,2116.68,1,2328.37,1,科创信息
浙商证券股份有限公司天台赤城路证券营业部,2,237.28,1,251.68,1,大烨智能
中国中投证券有限责任公司深圳分公司,3,2623.65,2,2143.06,1,"科创信息,天风证券"
平安证券股份有限公司广东分公司,2,551.84,1,530.15,1,蠡湖股份
平安证券股份有限公司四川分公司,2,476.61,1,493.48,1,昂利康
中银国际证券股份有限公司重庆凤天大道证券营业部,1,217.38,1,0.0,0,大烨智能
信达证券股份有限公司上海黄埔区九江路证券营业部,2,816.77,1,988.28,1,科创信息
湘财证券股份有限公司娄底乐坪大道证券营业部,1,0.0,0,701.05,1,科创信息
渤海证券股份有限公司天津营口道分公司,1,0.0,0,335.87,1,科创信息
华泰证券股份有限公司西安文艺北路证券营业部,1,0.0,0,307.27,1,科创信息
中国银河证券股份有限公司宜昌新世纪证券营业部,1,222.54,1,0.0,0,百邦科技
海通证券股份有限公司鞍山二道街营业部,2,202.4,1,715.04,1,"百邦科技,九有股份"
国信证券股份有限公司北京马家堡西路证券营业部,1,0.0,0,162.86,1,百邦科技
安信证券股份有限公司广州花蕾路证券营业部,2,1500.76,1,1569.59,1,金力永磁
海通证券股份有限公司北京阜外大街证券营业部,1,495.3,1,0.0,0,金力永磁
上海证券有限责任公司南京溧水致远路证券营业部,1,0.0,0,489.37,1,顶固集创
大同证券有限责任公司朔州开发南路证券营业部,1,941.34,1,0.0,0,中新科技
银泰证券有限责任公司上海嘉善路证券营业部,1,354.76,1,0.0,0,亚星化学
山西证券股份有限公司阳泉桃北中路证券营业部,2,119.48,2,0.0,0,宏图高科
中信建投证券股份有限公司北京大屯路证券营业部,1,237.04,1,0.0,0,亚星化学
兴业证券股份有限公司哈尔滨友谊路证券营业部,2,109.89,2,0.0,0,宏图高科
国泰君安证券股份有限公司南京中央路证券营业部,2,856.42,2,0.0,0,"九有股份,中新科技"
华泰证券股份有限公司福州六一中路证券营业部,2,86.58,2,0.0,0,宏图高科
华宝证券有限责任公司上海西藏中路证券营业部,1,160.23,1,0.0,0,中新科技
方正证券股份有限公司总部,2,75.71,2,0.0,0,宏图高科
西部证券股份有限公司成都锦城大道证券营业部,1,128.49,1,0.0,0,中新科技
爱建证券有限责任公司厦门湖滨一里证券营业部,1,0.0,0,202.04,1,亚星化学
中信证券股份有限公司杭州四季路证券营业部,2,0.0,0,863.94,2,宏图高科
华泰证券股份有限公司南通上海东路证券营业部,1,0.0,0,144.96,1,亚星化学
民生证券股份有限公司北京顺义府前东街证券营业部,1,166.0,1,0.0,0,瀚叶股份
中山证券有限责任公司上海望园南路证券营业部,2,0.0,0,510.56,2,宏图高科
华泰证券股份有限公司常熟金沙江路证券营业部,2,853.4,1,118.69,1,"顺利办,中新科技"
华泰证券股份有限公司兰州甘南路证券营业部,1,132.3,1,0.0,0,瀚叶股份
广发证券股份有限公司汕头海滨路证券营业部,1,0.0,0,102.87,1,中新科技
东方证券股份有限公司天津西康路证券营业部,1,0.0,0,80.59,1,亚星化学
东北证券股份有限公司宁波江安路证券营业部,1,0.0,0,332.0,1,瀚叶股份
华林证券股份有限公司江门冈州大道证券营业部,2,0.0,0,157.84,2,宏图高科
中泰证券股份有限公司招远温泉路证券营业部,1,0.0,0,60.48,1,中新科技
恒泰证券股份有限公司瑞安拱瑞山路证券营业部,2,0.0,0,527.79,2,"雅运股份,亚星化学"
光大证券股份有限公司佛山绿景路证券营业部,2,1500.97,1,331.97,1,"芯能科技,瀚叶股份"
财富证券有限责任公司娄底清泉街证券营业部,1,0.0,0,38.36,1,宏图高科
东吴证券股份有限公司常熟海虞镇证券营业部,1,0.0,0,60.29,1,中新科技
信达证券股份有限公司客户资产管理部,1,0.0,0,963.0,1,东软集团
中信建投证券股份有限公司上海大木桥路证券营业部,2,0.0,0,839.07,2,"捷佳伟创,瀚叶股份"
金元证券股份有限公司成都鹭岛路证券营业部,1,0.0,0,308.83,1,瀚叶股份
国泰君安证券股份有限公司泸州星光路证券营业部,2,36.16,2,0.0,0,东方金钰
中银国际证券股份有限公司北京宣外大街证券营业部,1,11.21,1,0.0,0,东方金钰
光大证券股份有限公司宜兴氿滨南路证券营业部,1,9.04,1,0.0,0,东方金钰
招商证券股份有限公司重庆金沙门路证券营业部,3,1318.13,2,634.13,1,"汇得科技,雅运股份"
中泰证券股份有限公司奉化南山路证券营业部,2,1035.54,1,1044.08,1,永新光学
光大证券股份有限公司成都武成大街证券营业部,2,341.87,1,354.08,1,永新光学
中国中投证券有限责任公司鞍山南胜利路证券营业部,1,0.0,0,273.39,1,汇得科技
上海证券有限责任公司嘉兴中山西路证券营业部,1,0.0,0,224.6,1,汇得科技
太平洋证券股份有限公司兰州分公司,1,0.0,0,1242.91,1,德新交运
华融证券股份有限公司上海黄浦区中山东二路证券营业部,1,569.51,1,0.0,0,天风证券
海通证券股份有限公司徐州中山北路证券营业部,1,552.95,1,0.0,0,天风证券
华福证券有限责任公司漳州延安北路证券营业部,1,916.68,1,0.0,0,珠海中富
国泰君安证券股份有限公司深圳海岸城海德三道证券营业部,1,2744.29,1,0.0,0,京蓝科技
华泰证券股份有限公司上海徐汇区天钥桥路证券营业部,1,1413.15,1,0.0,0,金鸿控股
申万宏源证券有限公司扬州扬子江中路证券营业部,1,522.95,1,0.0,0,大通燃气
国泰君安证券股份有限公司深圳松岗证券营业部,2,857.58,1,346.26,1,珠海中富
中国银河证券股份有限公司西安和平路证券营业部,1,749.89,1,0.0,0,珠海中富
国泰君安证券股份有限公司济南胜利大街证券营业部,1,498.55,1,0.0,0,顺利办
长城证券股份有限公司广东分公司,1,550.94,1,0.0,0,珠海中富
广发证券股份有限公司上海分公司,1,0.0,0,11450.4,1,京蓝科技
万联证券股份有限公司上海富贵东路证券营业部,1,0.0,0,875.43,1,大通燃气
平安证券股份有限公司天津绍兴道证券营业部,1,0.0,0,783.06,1,顺利办
中信证券股份有限公司鞍山胜利路证券营业部,1,0.0,0,383.27,1,珠海中富
申万宏源证券有限公司厦门分公司,1,0.0,0,624.49,1,顺利办
中信证券股份有限公司常州环府路证券营业部,1,0.0,0,471.71,1,大通燃气
平安证券股份有限公司广西分公司,1,0.0,0,358.31,1,金鸿控股
国泰君安证券股份有限公司益阳益阳大道证券营业部,1,0.0,0,724.49,1,京蓝科技
中原证券股份有限公司濮阳中原路证券营业部,1,0.0,0,311.53,1,大通燃气
兴业证券股份有限公司厦门穆厝路证券营业部,1,499.52,1,0.0,0,中关村
宏信证券有限责任公司泸州江阳中路证券营业部,1,1144.13,1,0.0,0,凯瑞德
海通证券股份有限公司珠海九洲大道东证券营业部,1,406.12,1,0.0,0,中关村
兴业证券股份有限公司深圳分公司,1,3008.74,1,0.0,0,露笑科技
国泰君安证券股份有限公司上海九江路证券营业部,1,326.91,1,0.0,0,中关村
东方证券股份有限公司深圳金田路证券营业部,1,0.0,0,1135.74,1,凯瑞德
国信证券股份有限公司揭阳揭东证券营业部,1,0.0,0,354.99,1,中关村
国信证券股份有限公司义乌稠江街道总部经济园证券营业部,1,0.0,0,351.05,1,中关村
海通证券股份有限公司上海牡丹江路证券营业部,1,0.0,0,288.57,1,中关村
华安证券股份有限公司重庆双龙大道证券营业部,1,0.0,0,6672.04,1,露笑科技
中国银河证券股份有限公司邢台清河证券营业部,1,0.0,0,417.33,1,凯瑞德
中信建投证券股份有限公司北京望京中环南路证券营业部,1,0.0,0,4451.84,1,露笑科技
华西证券股份有限公司北京紫竹院路证券营业部,1,23.91,1,0.0,0,首航节能
安信证券股份有限公司上海陆家嘴东路证券营业部,1,0.0,0,132.01,1,首航节能
长城证券股份有限公司天台劳动路证券营业部,1,1567.23,1,0.0,0,泰嘉股份
平安证券股份有限公司乌鲁木齐人民路证券营业部,1,0.0,0,325.69,1,新疆浩源
恒泰证券股份有限公司杭州富春路证券营业部,2,2764.03,2,0.0,0,泰嘉股份
中国国际金融股份有限公司上海分公司,1,0.0,0,15059.4,1,奥马电器
广发证券股份有限公司梅州蕉岭证券营业部,1,0.0,0,233.2,1,新疆浩源
东吴证券股份有限公司苏州相城采莲路证券营业部,1,0.0,0,212.46,1,新疆浩源
长江证券股份有限公司武汉金融港证券营业部,3,1755.65,1,3836.38,2,泰嘉股份
国泰君安证券股份有限公司长沙五一东路证券营业部,1,0.0,0,2500.04,1,奥马电器
联储证券有限责任公司济南经七路证券营业部,3,1383.1,1,2947.19,2,泰嘉股份
中国中投证券有限责任公司上海法华镇路证券营业部,1,0.0,0,466.5,1,万达电影
中信建投证券股份有限公司广州云城南三路证券营业部,2,1152.2,1,2077.82,1,"天奥电子,长城证券"
中原证券股份有限公司北京酒仙桥路证券营业部,2,3117.85,2,0.0,0,"金力永磁,兴瑞科技"
华福证券有限责任公司永安新府路证券营业部,1,1222.67,1,0.0,0,兴瑞科技
中国银河证券股份有限公司重庆民族路证券营业部,1,1027.98,1,0.0,0,兴瑞科技
中国银河证券股份有限公司佛山顺德乐从证券营业部,1,320.88,1,0.0,0,天奥电子
中信证券（山东）有限责任公司青岛标山路证券营业部,1,0.0,0,533.85,1,天奥电子
中泰证券股份有限公司武汉宝丰路证券营业部,2,1919.32,1,1948.58,1,长城证券
中天证券股份有限公司天津新开路证券营业部,1,362.9,1,0.0,0,昂利康
中信证券股份有限公司金华分公司,1,314.57,1,0.0,0,昂利康
光大证券股份有限公司重庆大坪正街证券营业部,1,1569.98,1,0.0,0,锐奇股份
中信建投证券股份有限公司武汉中北路证券营业部,1,0.0,0,2485.75,1,锐奇股份
中信证券股份有限公司绍兴兴越路证券营业部,1,548.53,1,0.0,0,维宏股份
中泰证券股份有限公司天津红旗路证券营业部,1,0.0,0,2185.66,1,金通灵
东兴证券股份有限公司龙海公园路证券营业部,1,0.0,0,945.58,1,锐奇股份
华林证券股份有限公司厦门金钟路证券营业部,1,0.0,0,709.43,1,锐奇股份
东兴证券股份有限公司福州五一中路证券营业部,2,286.74,1,281.76,1,"大烨智能,维宏股份"
中国国际金融股份有限公司北京科学院南路证券营业部,1,0.0,0,934.49,1,金通灵
方正证券股份有限公司岳阳东茅岭证券营业部,1,0.0,0,690.75,1,锐奇股份
申万宏源证券有限公司长沙芙蓉中路证券营业部,1,0.0,0,549.15,1,维宏股份
方正证券股份有限公司怀化芷江路证券营业部,1,0.0,0,647.73,1,锐奇股份
中信证券股份有限公司杭州延安路证券营业部,1,0.0,0,864.0,1,金通灵
国泰君安证券股份有限公司盐城解放南路证券营业部,1,0.0,0,330.21,1,大烨智能
申万宏源证券有限公司宁夏分公司,1,0.0,0,328.46,1,大烨智能
申万宏源西部证券有限公司济南历山路证券营业部,1,1401.95,1,0.0,0,捷佳伟创
东方证券股份有限公司上海浦东新区银城中路证券营业部,1,1225.03,1,0.0,0,捷佳伟创
安信证券股份有限公司武汉中北路证券营业部,1,0.0,0,676.61,1,捷佳伟创
申万宏源证券有限公司安徽分公司,1,960.98,1,0.0,0,金力永磁
中原证券股份有限公司郑州分公司,1,0.0,0,519.38,1,捷佳伟创
万联证券股份有限公司广州滨江东路证券营业部,1,930.87,1,0.0,0,科创信息
国信证券股份有限公司福州五一中路证券营业部,1,711.93,1,0.0,0,蠡湖股份
中信建投证券股份有限公司北京燕山燕房路证券营业部,1,0.0,0,422.08,1,捷佳伟创
民生证券股份有限公司北京东单北大街证券营业部,1,0.0,0,396.83,1,捷佳伟创
广发证券股份有限公司新余中山路证券营业部,1,0.0,0,537.24,1,蠡湖股份
中信证券(山东)有限责任公司青岛经济技术开发区井冈山路证券营业部,2,726.59,1,1057.85,1,"顶固集创,雅运股份"
东兴证券股份有限公司北京大望路证券营业部,1,572.74,1,0.0,0,顶固集创
上海证券有限责任公司妙境路证券营业部,1,507.08,1,0.0,0,顶固集创
广发证券股份有限公司柳州广场路证券营业部,1,12.94,1,0.0,0,宏图高科
中国银河证券股份有限公司北京学院南路证券营业部,1,1469.96,1,0.0,0,南京高科
华泰证券股份有限公司孝感长征路证券营业部,1,11.98,1,0.0,0,宏图高科
中泰证券股份有限公司厦门厦禾路证券营业部,1,743.0,1,0.0,0,南京高科
浙商证券股份有限公司山东分公司,1,11.68,1,0.0,0,宏图高科
海通证券股份有限公司乌鲁木齐新医路证券营业部,1,11.38,1,0.0,0,宏图高科
海通证券股份有限公司南通人民中路证券营业部,1,0.0,0,404.92,1,宏图高科
中国银河证券股份有限公司上海黄浦区马当路证券营业部,1,0.0,0,2230.62,1,南京高科
平安证券股份有限公司重庆分公司,1,0.0,0,7.31,1,宏图高科
长江证券股份有限公司南京中央路证券营业部,1,0.0,0,770.3,1,南京高科
华泰证券股份有限公司南宁中泰路证券营业部,1,0.0,0,2155.26,1,九有股份
光大证券股份有限公司上海塔城路证券营业部,1,0.0,0,6.05,1,宏图高科
广发证券股份有限公司南京水佑岗证券营业部,1,0.0,0,215.67,1,钱江生化
国都证券股份有限公司北京阜外大街证券营业部,1,0.0,0,807.61,1,九有股份
海通证券股份有限公司上海天平路营业部,1,0.0,0,411.36,1,南京高科
东吴证券股份有限公司常州通江中路证券营业部,1,0.0,0,104.2,1,钱江生化
宏信证券有限责任公司北京百万庄大街证券营业部,1,0.0,0,395.37,1,九有股份
华金证券股份有限公司上海宁夏路证券营业部,1,16.28,1,0.0,0,东方金钰
国金证券股份有限公司南充江东中路证券营业部,1,16.28,1,0.0,0,东方金钰
西南证券股份有限公司客户资产管理部,1,14.0,1,0.0,0,东方金钰
平安证券股份有限公司珠海园林路证券营业部,1,691.87,1,0.0,0,芯能科技
世纪证券有限责任公司深圳深南大道中证券营业部,1,649.49,1,0.0,0,芯能科技
中国银河证券股份有限公司北京中关村大街证券营业部,1,0.0,0,546.63,1,芯能科技
华泰证券股份有限公司哈尔滨西十六道街证券营业部,1,0.0,0,343.8,1,芯能科技
中国银河证券股份有限公司嘉兴环城南路证券营业部,1,371.44,1,0.0,0,永新光学
湘财证券股份有限公司汨罗建设路证券营业部,1,386.73,1,0.0,0,金自天正
万和证券股份有限公司深圳第一分公司,1,352.15,1,0.0,0,永新光学
恒泰证券股份有限公司潮州城新西路证券营业部,1,814.49,1,0.0,0,瀚叶股份
广发证券股份有限公司上海玉兰路证券营业部,1,0.0,0,139.72,1,金自天正
国联证券股份有限公司海门长江南路证券营业部,1,0.0,0,4629.4,1,瀚叶股份
中信建投证券股份有限公司景德镇瓷都大道证券营业部,1,0.0,0,353.62,1,永新光学
西藏东方财富证券股份有限公司拉萨江苏东路证券营业部,1,0.0,0,56.82,1,金自天正
中信证券股份有限公司深圳后海证券营业部,1,0.0,0,4336.06,1,隆基股份
国金证券股份有限公司深圳深南大道证券营业部,1,0.0,0,3503.03,1,隆基股份
